drift_key,name,kind,group,state,expression,target_arns,target_invocation_ages_h,invocation_basis
behavior-mirror-weekly,behavior-mirror-weekly,events,,ENABLED,cron(0 13 ? * SUN *),arn:aws:lambda:us-east-1:857687956942:function:justhodl-behavior-mirror,2.17,function-wide AWS/Lambda Invocations; 300s buckets; 48h window
best-ideas-daily,best-ideas-daily,events,,ENABLED,cron(45 14 * * ? *),arn:aws:lambda:us-east-1:857687956942:function:justhodl-best-ideas,1.587,function-wide AWS/Lambda Invocations; 300s buckets; 48h window
beta-laggard-daily,beta-laggard-daily,events,,ENABLED,cron(30 13 * * ? *),arn:aws:lambda:us-east-1:857687956942:function:justhodl-beta-laggard,2.837,function-wide AWS/Lambda Invocations; 300s buckets; 48h window
causality-scanner-weekly,causality-scanner-weekly,events,,ENABLED,cron(0 21 ? * SUN *),arn:aws:lambda:us-east-1:857687956942:function:justhodl-causality-scanner,2.254,function-wide AWS/Lambda Invocations; 300s buckets; 48h window
concentration-liquidity-daily,concentration-liquidity-daily,events,,ENABLED,cron(0 14 * * ? *),arn:aws:lambda:us-east-1:857687956942:function:justhodl-concentration-liquidity,2.337,function-wide AWS/Lambda Invocations; 300s buckets; 48h window
convexity-scorer-daily,convexity-scorer-daily,events,,ENABLED,cron(0 14 ? * MON-FRI *),arn:aws:lambda:us-east-1:857687956942:function:justhodl-convexity-scorer,26.337,function-wide AWS/Lambda Invocations; 300s buckets; 48h window
crypto-narratives-6h,crypto-narratives-6h,events,,ENABLED,cron(0 */6 * * ? *),arn:aws:lambda:us-east-1:857687956942:function:justhodl-crypto-narratives,4.337,function-wide AWS/Lambda Invocations; 300s buckets; 48h window
default/calibration-snapshotter-weekly,calibration-snapshotter-weekly,scheduler,default,ENABLED,cron(0 4 ? * SUN *),arn:aws:lambda:us-east-1:857687956942:function:justhodl-calibration-snapshotter:live,no invocation observed in 48h,function-wide AWS/Lambda Invocations; 300s buckets; 48h window
default/compound-aggregator-daily,compound-aggregator-daily,scheduler,default,ENABLED,cron(15 21 ? * MON-FRI *),arn:aws:lambda:us-east-1:857687956942:function:justhodl-compound-aggregator,19.087,function-wide AWS/Lambda Invocations; 300s buckets; 48h window
default/house-ptr-extract-6h,house-ptr-extract-6h,scheduler,default,ENABLED,"cron(10 1,7,13,19 * * ? *)",arn:aws:lambda:us-east-1:857687956942:function:justhodl-house-ptr-extract,3.17,function-wide AWS/Lambda Invocations; 300s buckets; 48h window
default/justhodl-accum-composite-daily,justhodl-accum-composite-daily,scheduler,default,ENABLED,cron(30 21 * * ? *),arn:aws:lambda:us-east-1:857687956942:function:justhodl-accum-composite,18.837,function-wide AWS/Lambda Invocations; 300s buckets; 48h window
default/justhodl-ai-inventory,justhodl-ai-inventory,scheduler,default,ENABLED,cron(7 * * * ? *),arn:aws:lambda:us-east-1:857687956942:function:justhodl-ai,0.17,function-wide AWS/Lambda Invocations; 300s buckets; 48h window
default/justhodl-ai-market-read,justhodl-ai-market-read,scheduler,default,ENABLED,cron(45 5 * * ? *),arn:aws:lambda:us-east-1:857687956942:function:justhodl-ai,0.17,function-wide AWS/Lambda Invocations; 300s buckets; 48h window
default/justhodl-ai-pipeline,justhodl-ai-pipeline,scheduler,default,ENABLED,rate(10 minutes),arn:aws:lambda:us-east-1:857687956942:function:justhodl-ai,0.17,function-wide AWS/Lambda Invocations; 300s buckets; 48h window
default/justhodl-asia-trade-24h,justhodl-asia-trade-24h,scheduler,default,ENABLED,rate(24 hours),arn:aws:lambda:us-east-1:857687956942:function:justhodl-asia-trade-full,0.337,function-wide AWS/Lambda Invocations; 300s buckets; 48h window
default/justhodl-auction-desk-buyback,justhodl-auction-desk-buyback,scheduler,default,ENABLED,cron(10 12 ? * MON-FRI *),arn:aws:lambda:us-east-1:857687956942:function:justhodl-auction-desk,19.754,function-wide AWS/Lambda Invocations; 300s buckets; 48h window
default/justhodl-auction-desk-late,justhodl-auction-desk-late,scheduler,default,ENABLED,cron(35 16 ? * MON-FRI *),arn:aws:lambda:us-east-1:857687956942:function:justhodl-auction-desk,19.754,function-wide AWS/Lambda Invocations; 300s buckets; 48h window
default/justhodl-auction-desk-morning,justhodl-auction-desk-morning,scheduler,default,ENABLED,cron(15 9 ? * MON-FRI *),arn:aws:lambda:us-east-1:857687956942:function:justhodl-auction-desk,19.754,function-wide AWS/Lambda Invocations; 300s buckets; 48h window
default/justhodl-auction-desk-results,justhodl-auction-desk-results,scheduler,default,ENABLED,cron(40 13 ? * MON-FRI *),arn:aws:lambda:us-east-1:857687956942:function:justhodl-auction-desk,19.754,function-wide AWS/Lambda Invocations; 300s buckets; 48h window
default/justhodl-backlog-miner,justhodl-backlog-miner,scheduler,default,ENABLED,rate(24 hours),arn:aws:lambda:us-east-1:857687956942:function:justhodl-backlog-miner,13.837,function-wide AWS/Lambda Invocations; 300s buckets; 48h window
default/justhodl-base-rates-weekly,justhodl-base-rates-weekly,scheduler,default,ENABLED,cron(30 14 ? * SAT *),arn:aws:lambda:us-east-1:857687956942:function:justhodl-base-rates,1.837,function-wide AWS/Lambda Invocations; 300s buckets; 48h window
default/justhodl-beaters-grader-weekly,justhodl-beaters-grader-weekly,scheduler,default,ENABLED,cron(0 15 ? * SAT *),arn:aws:lambda:us-east-1:857687956942:function:justhodl-beaters-grader,1.337,function-wide AWS/Lambda Invocations; 300s buckets; 48h window
default/justhodl-blackswan-watch,justhodl-blackswan-watch,scheduler,default,ENABLED,rate(24 hours),arn:aws:lambda:us-east-1:857687956942:function:justhodl-blackswan-watch,13.837,function-wide AWS/Lambda Invocations; 300s buckets; 48h window
default/justhodl-bloomberg-v8-hourly,justhodl-bloomberg-v8-hourly,scheduler,default,ENABLED,rate(1 hour),arn:aws:lambda:us-east-1:857687956942:function:justhodl-bloomberg-v8,0.254,function-wide AWS/Lambda Invocations; 300s buckets; 48h window
default/justhodl-bls-full-12h,justhodl-bls-full-12h,scheduler,default,ENABLED,rate(24 hours),arn:aws:lambda:us-east-1:857687956942:function:justhodl-bls-full,13.837,function-wide AWS/Lambda Invocations; 300s buckets; 48h window
default/justhodl-boe-full-12h,justhodl-boe-full-12h,scheduler,default,ENABLED,rate(24 hours),arn:aws:lambda:us-east-1:857687956942:function:justhodl-boe-full,13.837,function-wide AWS/Lambda Invocations; 300s buckets; 48h window
default/justhodl-boj-full-12h,justhodl-boj-full-12h,scheduler,default,ENABLED,rate(24 hours),arn:aws:lambda:us-east-1:857687956942:function:justhodl-boj-full,0.087,function-wide AWS/Lambda Invocations; 300s buckets; 48h window
default/justhodl-boj-full-fanout,justhodl-boj-full-fanout,scheduler,default,ENABLED,rate(30 minutes),arn:aws:lambda:us-east-1:857687956942:function:justhodl-boj-full,0.087,function-wide AWS/Lambda Invocations; 300s buckets; 48h window
default/justhodl-bond-warroom-after-auction,justhodl-bond-warroom-after-auction,scheduler,default,ENABLED,cron(35 13 ? * MON-FRI *),arn:aws:lambda:us-east-1:857687956942:function:justhodl-bond-warroom,17.087,function-wide AWS/Lambda Invocations; 300s buckets; 48h window
default/justhodl-bond-warroom-close,justhodl-bond-warroom-close,scheduler,default,ENABLED,cron(45 16 ? * MON-FRI *),arn:aws:lambda:us-east-1:857687956942:function:justhodl-bond-warroom,17.087,function-wide AWS/Lambda Invocations; 300s buckets; 48h window
default/justhodl-bond-warroom-early,justhodl-bond-warroom-early,scheduler,default,ENABLED,cron(30 7 ? * MON-FRI *),arn:aws:lambda:us-east-1:857687956942:function:justhodl-bond-warroom,17.087,function-wide AWS/Lambda Invocations; 300s buckets; 48h window
default/justhodl-bond-warroom-evening,justhodl-bond-warroom-evening,scheduler,default,ENABLED,cron(15 19 ? * MON-FRI *),arn:aws:lambda:us-east-1:857687956942:function:justhodl-bond-warroom,17.087,function-wide AWS/Lambda Invocations; 300s buckets; 48h window
default/justhodl-bond-warroom-mid,justhodl-bond-warroom-mid,scheduler,default,ENABLED,cron(0 10 ? * MON-FRI *),arn:aws:lambda:us-east-1:857687956942:function:justhodl-bond-warroom,17.087,function-wide AWS/Lambda Invocations; 300s buckets; 48h window
default/justhodl-bottom-daily,justhodl-bottom-daily,scheduler,default,ENABLED,cron(45 3 ? * TUE-SAT *),arn:aws:lambda:us-east-1:857687956942:function:justhodl-bottom,12.587,function-wide AWS/Lambda Invocations; 300s buckets; 48h window
default/justhodl-bottom-signals,justhodl-bottom-signals,scheduler,default,ENABLED,rate(24 hours),arn:aws:lambda:us-east-1:857687956942:function:justhodl-bottom-signals,13.837,function-wide AWS/Lambda Invocations; 300s buckets; 48h window
default/justhodl-catalyst,justhodl-catalyst,scheduler,default,ENABLED,rate(24 hours),arn:aws:lambda:us-east-1:857687956942:function:justhodl-catalyst,13.837,function-wide AWS/Lambda Invocations; 300s buckets; 48h window
default/justhodl-catalyst-chain-daily,justhodl-catalyst-chain-daily,scheduler,default,ENABLED,cron(15 22 * * ? *),arn:aws:lambda:us-east-1:857687956942:function:justhodl-catalyst-chain,18.087,function-wide AWS/Lambda Invocations; 300s buckets; 48h window
default/justhodl-census-econ-dispatch,justhodl-census-econ-dispatch,scheduler,default,ENABLED,rate(15 minutes),arn:aws:lambda:us-east-1:857687956942:function:justhodl-census-us,0.17,function-wide AWS/Lambda Invocations; 300s buckets; 48h window
default/justhodl-census-us-15min,justhodl-census-us-15min,scheduler,default,ENABLED,rate(15 minutes),arn:aws:lambda:us-east-1:857687956942:function:justhodl-census-us,0.17,function-wide AWS/Lambda Invocations; 300s buckets; 48h window
default/justhodl-chain-resumer-5min,justhodl-chain-resumer-5min,scheduler,default,ENABLED,rate(5 minutes),arn:aws:lambda:us-east-1:857687956942:function:justhodl-chain-resumer,0.087,function-wide AWS/Lambda Invocations; 300s buckets; 48h window
default/justhodl-cycle-features-daily,justhodl-cycle-features-daily,scheduler,default,ENABLED,cron(30 10 * * ? *),arn:aws:lambda:us-east-1:857687956942:function:justhodl-cycle-features,5.837,function-wide AWS/Lambda Invocations; 300s buckets; 48h window
default/justhodl-distribution-composite-daily,justhodl-distribution-composite-daily,scheduler,default,ENABLED,cron(0 22 * * ? *),arn:aws:lambda:us-east-1:857687956942:function:justhodl-distribution-composite,18.337,function-wide AWS/Lambda Invocations; 300s buckets; 48h window
default/justhodl-dol-full-6h,justhodl-dol-full-6h,scheduler,default,ENABLED,rate(24 hours),arn:aws:lambda:us-east-1:857687956942:function:justhodl-dol-full,13.837,function-wide AWS/Lambda Invocations; 300s buckets; 48h window
default/justhodl-dxy-predict,justhodl-dxy-predict,scheduler,default,ENABLED,rate(24 hours),arn:aws:lambda:us-east-1:857687956942:function:justhodl-dxy-predict,13.837,function-wide AWS/Lambda Invocations; 300s buckets; 48h window
default/justhodl-ecb-deep-10min,justhodl-ecb-deep-10min,scheduler,default,ENABLED,rate(6 hours),arn:aws:lambda:us-east-1:857687956942:function:justhodl-ecb-deep,3.92,function-wide AWS/Lambda Invocations; 300s buckets; 48h window
default/justhodl-ecb-rewalk-weekly,justhodl-ecb-rewalk-weekly,scheduler,default,ENABLED,cron(15 3 ? * SUN *),arn:aws:lambda:us-east-1:857687956942:function:justhodl-sdmx-walker,0.087,function-wide AWS/Lambda Invocations; 300s buckets; 48h window
default/justhodl-engine-fusion-hourly,justhodl-engine-fusion-hourly,scheduler,default,ENABLED,cron(15 * * * ? *),arn:aws:lambda:us-east-1:857687956942:function:justhodl-engine-fusion:live,0.087,function-wide AWS/Lambda Invocations; 300s buckets; 48h window
default/justhodl-finra-full-6h,justhodl-finra-full-6h,scheduler,default,ENABLED,rate(24 hours),arn:aws:lambda:us-east-1:857687956942:function:justhodl-finra-full,13.837,function-wide AWS/Lambda Invocations; 300s buckets; 48h window
default/justhodl-finra-full-weekly,justhodl-finra-full-weekly,scheduler,default,ENABLED,rate(7 days),arn:aws:lambda:us-east-1:857687956942:function:justhodl-finra-full,13.837,function-wide AWS/Lambda Invocations; 300s buckets; 48h window
default/justhodl-fiscaldata-full-2h,justhodl-fiscaldata-full-2h,scheduler,default,ENABLED,rate(24 hours),arn:aws:lambda:us-east-1:857687956942:function:justhodl-fiscaldata-full,13.837,function-wide AWS/Lambda Invocations; 300s buckets; 48h window
default/justhodl-fiscaldata-full-weekly,justhodl-fiscaldata-full-weekly,scheduler,default,ENABLED,rate(7 days),arn:aws:lambda:us-east-1:857687956942:function:justhodl-fiscaldata-full,13.837,function-wide AWS/Lambda Invocations; 300s buckets; 48h window
default/justhodl-floor-audit-daily,justhodl-floor-audit-daily,scheduler,default,ENABLED,cron(35 21 ? * MON-FRI *),arn:aws:lambda:us-east-1:857687956942:function:justhodl-floor-audit,18.754,function-wide AWS/Lambda Invocations; 300s buckets; 48h window
default/justhodl-foreign-flows-daily,justhodl-foreign-flows-daily,scheduler,default,ENABLED,cron(30 21 * * ? *),arn:aws:lambda:us-east-1:857687956942:function:justhodl-foreign-flows,18.837,function-wide AWS/Lambda Invocations; 300s buckets; 48h window
default/justhodl-fortress-backtest-weekly,justhodl-fortress-backtest-weekly,scheduler,default,ENABLED,cron(0 9 ? * SUN *),arn:aws:lambda:us-east-1:857687956942:function:justhodl-fortress,12.837,function-wide AWS/Lambda Invocations; 300s buckets; 48h window
default/justhodl-fortress-daily,justhodl-fortress-daily,scheduler,default,ENABLED,cron(30 3 ? * TUE-SAT *),arn:aws:lambda:us-east-1:857687956942:function:justhodl-fortress,12.837,function-wide AWS/Lambda Invocations; 300s buckets; 48h window
default/justhodl-frbddp-full-12h,justhodl-frbddp-full-12h,scheduler,default,ENABLED,rate(24 hours),arn:aws:lambda:us-east-1:857687956942:function:justhodl-frbddp-full,13.837,function-wide AWS/Lambda Invocations; 300s buckets; 48h window
default/justhodl-gdelt-full-30m,justhodl-gdelt-full-30m,scheduler,default,ENABLED,rate(6 hours),arn:aws:lambda:us-east-1:857687956942:function:justhodl-gdelt-full,0.087,function-wide AWS/Lambda Invocations; 300s buckets; 48h window
default/justhodl-global-flows-daily,justhodl-global-flows-daily,scheduler,default,ENABLED,cron(0 10 * * ? *),arn:aws:lambda:us-east-1:857687956942:function:justhodl-global-flows,6.337,function-wide AWS/Lambda Invocations; 300s buckets; 48h window
default/justhodl-hist-banker-weekly,justhodl-hist-banker-weekly,scheduler,default,ENABLED,cron(45 4 ? * WED *),arn:aws:lambda:us-east-1:857687956942:function:justhodl-hist-banker,no invocation observed in 48h,function-wide AWS/Lambda Invocations; 300s buckets; 48h window
default/justhodl-hot-money-daily,justhodl-hot-money-daily,scheduler,default,ENABLED,cron(50 9 * * ? *),arn:aws:lambda:us-east-1:857687956942:function:justhodl-hot-money,6.504,function-wide AWS/Lambda Invocations; 300s buckets; 48h window
default/justhodl-imf-full-6h,justhodl-imf-full-6h,scheduler,default,DISABLED,rate(24 hours),arn:aws:lambda:us-east-1:857687956942:function:justhodl-imf-full,0.337,function-wide AWS/Lambda Invocations; 300s buckets; 48h window
default/justhodl-imf-full-weekly,justhodl-imf-full-weekly,scheduler,default,ENABLED,rate(7 days),arn:aws:lambda:us-east-1:857687956942:function:justhodl-imf-full,0.337,function-wide AWS/Lambda Invocations; 300s buckets; 48h window
default/justhodl-impact-graph-daily,justhodl-impact-graph-daily,scheduler,default,ENABLED,cron(10 5 * * ? *),arn:aws:lambda:us-east-1:857687956942:function:justhodl-impact-graph,11.17,function-wide AWS/Lambda Invocations; 300s buckets; 48h window
default/justhodl-import-sentinel-10min,justhodl-import-sentinel-10min,scheduler,default,ENABLED,rate(10 minutes),arn:aws:lambda:us-east-1:857687956942:function:justhodl-import-sentinel,0.087,function-wide AWS/Lambda Invocations; 300s buckets; 48h window
default/justhodl-invest-daily,justhodl-invest-daily,scheduler,default,ENABLED,cron(0 15 * * ? *),arn:aws:lambda:us-east-1:857687956942:function:justhodl-invest,1.337,function-wide AWS/Lambda Invocations; 300s buckets; 48h window
default/justhodl-jh-fusion-daily,justhodl-jh-fusion-daily,scheduler,default,ENABLED,cron(20 5 * * ? *),arn:aws:lambda:us-east-1:857687956942:function:justhodl-jh-fusion,0.42,function-wide AWS/Lambda Invocations; 300s buckets; 48h window
default/justhodl-jhsignal-bridge-hourly,justhodl-jhsignal-bridge-hourly,scheduler,default,ENABLED,rate(1 hour),arn:aws:lambda:us-east-1:857687956942:function:justhodl-jhsignal-bridge,0.42,function-wide AWS/Lambda Invocations; 300s buckets; 48h window
default/justhodl-ka-metrics-hourly,justhodl-ka-metrics-hourly,scheduler,default,ENABLED,rate(1 hour),arn:aws:lambda:us-east-1:857687956942:function:justhodl-ka-metrics,0.337,function-wide AWS/Lambda Invocations; 300s buckets; 48h window
default/justhodl-katlin-backtest-weekly,justhodl-katlin-backtest-weekly,scheduler,default,ENABLED,cron(30 9 ? * SUN *),arn:aws:lambda:us-east-1:857687956942:function:justhodl-katlin:live,0.254,function-wide AWS/Lambda Invocations; 300s buckets; 48h window
default/justhodl-katlin-daily,justhodl-katlin-daily,scheduler,default,ENABLED,cron(10 4 ? * TUE-SAT *),arn:aws:lambda:us-east-1:857687956942:function:justhodl-katlin:live,0.254,function-wide AWS/Lambda Invocations; 300s buckets; 48h window
default/justhodl-katlin-permission-refresh,justhodl-katlin-permission-refresh,scheduler,default,ENABLED,rate(15 minutes),arn:aws:lambda:us-east-1:857687956942:function:justhodl-katlin:live,0.254,function-wide AWS/Lambda Invocations; 300s buckets; 48h window
default/justhodl-khalid-hourly,justhodl-khalid-hourly,scheduler,default,ENABLED,cron(25 * * * ? *),arn:aws:lambda:us-east-1:857687956942:function:justhodl-khalid:live,0.92,function-wide AWS/Lambda Invocations; 300s buckets; 48h window
default/justhodl-khalid-metrics-hourly,justhodl-khalid-metrics-hourly,scheduler,default,ENABLED,rate(1 hour),arn:aws:lambda:us-east-1:857687956942:function:justhodl-khalid-metrics,0.254,function-wide AWS/Lambda Invocations; 300s buckets; 48h window
default/justhodl-khalid-risk-hourly,justhodl-khalid-risk-hourly,scheduler,default,ENABLED,cron(20 * * * ? *),arn:aws:lambda:us-east-1:857687956942:function:justhodl-khalid-risk:live,1.004,function-wide AWS/Lambda Invocations; 300s buckets; 48h window
default/justhodl-liq-indicators,justhodl-liq-indicators,scheduler,default,ENABLED,rate(24 hours),arn:aws:lambda:us-east-1:857687956942:function:justhodl-liq-indicators,13.837,function-wide AWS/Lambda Invocations; 300s buckets; 48h window
default/justhodl-liquidity-reversal,justhodl-liquidity-reversal,scheduler,default,ENABLED,rate(24 hours),arn:aws:lambda:us-east-1:857687956942:function:justhodl-liquidity-reversal,13.837,function-wide AWS/Lambda Invocations; 300s buckets; 48h window
default/justhodl-macro-predict,justhodl-macro-predict,scheduler,default,ENABLED,rate(24 hours),arn:aws:lambda:us-east-1:857687956942:function:justhodl-macro-predict,13.837,function-wide AWS/Lambda Invocations; 300s buckets; 48h window
default/justhodl-market-machine,justhodl-market-machine,scheduler,default,ENABLED,rate(24 hours),arn:aws:lambda:us-east-1:857687956942:function:justhodl-market-machine,13.837,function-wide AWS/Lambda Invocations; 300s buckets; 48h window
default/justhodl-nyfed-full-history-nightly,justhodl-nyfed-full-history-nightly,scheduler,default,ENABLED,cron(40 4 * * ? *),arn:aws:lambda:us-east-1:857687956942:function:justhodl-nyfed-full-history,10.92,function-wide AWS/Lambda Invocations; 300s buckets; 48h window
default/justhodl-nyfed-markets-full-hourly,justhodl-nyfed-markets-full-hourly,scheduler,default,ENABLED,rate(24 hours),arn:aws:lambda:us-east-1:857687956942:function:justhodl-nyfed-markets-full,0.17,function-wide AWS/Lambda Invocations; 300s buckets; 48h window
default/justhodl-nyfed-markets-hourly-s,justhodl-nyfed-markets-hourly-s,scheduler,default,ENABLED,rate(24 hours),arn:aws:lambda:us-east-1:857687956942:function:justhodl-nyfed-markets-full,0.17,function-wide AWS/Lambda Invocations; 300s buckets; 48h window
default/justhodl-nyfed-repo-deep-daily,justhodl-nyfed-repo-deep-daily,scheduler,default,ENABLED,cron(22 5 * * ? *),arn:aws:lambda:us-east-1:857687956942:function:justhodl-nyfed-repo-deep,11.004,function-wide AWS/Lambda Invocations; 300s buckets; 48h window
default/justhodl-oecd-retry-hourly,justhodl-oecd-retry-hourly,scheduler,default,ENABLED,rate(15 minutes),arn:aws:lambda:us-east-1:857687956942:function:justhodl-sdmx-walker,0.087,function-wide AWS/Lambda Invocations; 300s buckets; 48h window
default/justhodl-official-pulse-weekly,justhodl-official-pulse-weekly,scheduler,default,ENABLED,cron(0 9 ? * FRI *),arn:aws:lambda:us-east-1:857687956942:function:justhodl-official-pulse,31.337,function-wide AWS/Lambda Invocations; 300s buckets; 48h window
default/justhodl-options-flow-30m,justhodl-options-flow-30m,scheduler,default,ENABLED,cron(33 15 * * ? *),arn:aws:lambda:us-east-1:857687956942:function:justhodl-options-flow,0.837,function-wide AWS/Lambda Invocations; 300s buckets; 48h window
default/justhodl-options-flow-sched,justhodl-options-flow-sched,scheduler,default,ENABLED,cron(25 20 ? * MON-FRI *),arn:aws:lambda:us-east-1:857687956942:function:justhodl-options-flow,0.837,function-wide AWS/Lambda Invocations; 300s buckets; 48h window
default/justhodl-physical-econ,justhodl-physical-econ,scheduler,default,ENABLED,rate(24 hours),arn:aws:lambda:us-east-1:857687956942:function:justhodl-physical-econ,13.837,function-wide AWS/Lambda Invocations; 300s buckets; 48h window
default/justhodl-pjm-grid,justhodl-pjm-grid,scheduler,default,ENABLED,rate(24 hours),arn:aws:lambda:us-east-1:857687956942:function:justhodl-pjm-grid,13.837,function-wide AWS/Lambda Invocations; 300s buckets; 48h window
default/justhodl-plumbing-composite-daily,justhodl-plumbing-composite-daily,scheduler,default,ENABLED,cron(45 10 * * ? *),arn:aws:lambda:us-east-1:857687956942:function:justhodl-plumbing-composite,5.587,function-wide AWS/Lambda Invocations; 300s buckets; 48h window
default/justhodl-polygon-full-2h,justhodl-polygon-full-2h,scheduler,default,ENABLED,rate(24 hours),arn:aws:lambda:us-east-1:857687956942:function:justhodl-polygon-full,13.837,function-wide AWS/Lambda Invocations; 300s buckets; 48h window
default/justhodl-port-cargo-daily,justhodl-port-cargo-daily,scheduler,default,ENABLED,cron(40 12 * * ? *),arn:aws:lambda:us-east-1:857687956942:function:justhodl-port-cargo,3.67,function-wide AWS/Lambda Invocations; 300s buckets; 48h window
default/justhodl-provider-window-sentinel-weekly,justhodl-provider-window-sentinel-weekly,scheduler,default,ENABLED,cron(0 9 ? * SUN *),arn:aws:lambda:us-east-1:857687956942:function:justhodl-provider-window-sentinel,no invocation observed in 48h,function-wide AWS/Lambda Invocations; 300s buckets; 48h window
default/justhodl-public-archive-index-15min,justhodl-public-archive-index-15min,scheduler,default,ENABLED,cron(0/15 * * * ? *),arn:aws:lambda:us-east-1:857687956942:function:justhodl-public-archive-index:live,0.087,function-wide AWS/Lambda Invocations; 300s buckets; 48h window
default/justhodl-real-economy-collector,justhodl-real-economy-collector,scheduler,default,ENABLED,rate(24 hours),arn:aws:lambda:us-east-1:857687956942:function:justhodl-real-economy-collector,13.837,function-wide AWS/Lambda Invocations; 300s buckets; 48h window
default/justhodl-repo-daily,justhodl-repo-daily,scheduler,default,ENABLED,cron(10 6 * * ? *),arn:aws:lambda:us-east-1:857687956942:function:justhodl-repo,10.17,function-wide AWS/Lambda Invocations; 300s buckets; 48h window
default/justhodl-risk-regime-daily,justhodl-risk-regime-daily,scheduler,default,ENABLED,cron(45 12 ? * MON-FRI *),arn:aws:lambda:us-east-1:857687956942:function:justhodl-risk-regime,19.087,function-wide AWS/Lambda Invocations; 300s buckets; 48h window
default/justhodl-sec-bulk-daily,justhodl-sec-bulk-daily,scheduler,default,ENABLED,cron(20 4 * * ? *),arn:aws:lambda:us-east-1:857687956942:function:justhodl-sec-bulk,8.754,function-wide AWS/Lambda Invocations; 300s buckets; 48h window
default/justhodl-sec-bulk-weekly,justhodl-sec-bulk-weekly,scheduler,default,ENABLED,cron(0 9 ? * MON *),arn:aws:lambda:us-east-1:857687956942:function:justhodl-sec-bulk,8.754,function-wide AWS/Lambda Invocations; 300s buckets; 48h window
default/justhodl-sec-midas-weekly,justhodl-sec-midas-weekly,scheduler,default,ENABLED,rate(24 hours),arn:aws:lambda:us-east-1:857687956942:function:justhodl-sec-midas,13.837,function-wide AWS/Lambda Invocations; 300s buckets; 48h window
default/justhodl-signal-fabric-hourly,justhodl-signal-fabric-hourly,scheduler,default,ENABLED,cron(5 * * * ? *),arn:aws:lambda:us-east-1:857687956942:function:justhodl-signal-fabric,0.254,function-wide AWS/Lambda Invocations; 300s buckets; 48h window
default/justhodl-sp500-daily,justhodl-sp500-daily,scheduler,default,ENABLED,cron(45 21 ? * MON-FRI *),arn:aws:lambda:us-east-1:857687956942:function:justhodl-sp500,18.587,function-wide AWS/Lambda Invocations; 300s buckets; 48h window
default/justhodl-spx-beaters-weekly,justhodl-spx-beaters-weekly,scheduler,default,ENABLED,cron(0 13 ? * SAT *),arn:aws:lambda:us-east-1:857687956942:function:justhodl-spx-beaters,3.337,function-wide AWS/Lambda Invocations; 300s buckets; 48h window
default/justhodl-src-mirror-daily,justhodl-src-mirror-daily,scheduler,default,ENABLED,rate(24 hours),arn:aws:lambda:us-east-1:857687956942:function:justhodl-src-mirror,13.837,function-wide AWS/Lambda Invocations; 300s buckets; 48h window
default/justhodl-statcan-retry-hourly,justhodl-statcan-retry-hourly,scheduler,default,ENABLED,rate(24 hours),arn:aws:lambda:us-east-1:857687956942:function:justhodl-sdmx-walker,0.087,function-wide AWS/Lambda Invocations; 300s buckets; 48h window
default/justhodl-stock-buying,justhodl-stock-buying,scheduler,default,ENABLED,rate(24 hours),arn:aws:lambda:us-east-1:857687956942:function:justhodl-stock-buying,13.837,function-wide AWS/Lambda Invocations; 300s buckets; 48h window
default/justhodl-supabase-keepalive,justhodl-supabase-keepalive,scheduler,default,ENABLED,rate(4 hours),arn:aws:lambda:us-east-1:857687956942:function:justhodl-supabase-keepalive,1.92,function-wide AWS/Lambda Invocations; 300s buckets; 48h window
default/justhodl-symdir-build,justhodl-symdir-build,scheduler,default,ENABLED,cron(40 5 * * ? *),arn:aws:lambda:us-east-1:857687956942:function:justhodl-symdir,0.087,function-wide AWS/Lambda Invocations; 300s buckets; 48h window
default/justhodl-symdir-codelists,justhodl-symdir-codelists,scheduler,default,ENABLED,rate(20 minutes),arn:aws:lambda:us-east-1:857687956942:function:justhodl-symdir,0.087,function-wide AWS/Lambda Invocations; 300s buckets; 48h window
default/justhodl-symdir-fredfresh,justhodl-symdir-fredfresh,scheduler,default,ENABLED,rate(1 hour),arn:aws:lambda:us-east-1:857687956942:function:justhodl-symdir,0.087,function-wide AWS/Lambda Invocations; 300s buckets; 48h window
default/justhodl-symdir-fredupdates,justhodl-symdir-fredupdates,scheduler,default,ENABLED,rate(15 minutes),arn:aws:lambda:us-east-1:857687956942:function:justhodl-symdir,0.087,function-wide AWS/Lambda Invocations; 300s buckets; 48h window
default/justhodl-symdir-titles,justhodl-symdir-titles,scheduler,default,ENABLED,rate(1 hour),arn:aws:lambda:us-east-1:857687956942:function:justhodl-symdir,0.087,function-wide AWS/Lambda Invocations; 300s buckets; 48h window
default/justhodl-symdir-ustbank,justhodl-symdir-ustbank,scheduler,default,ENABLED,cron(30 21 ? * MON-FRI *),arn:aws:lambda:us-east-1:857687956942:function:justhodl-symdir,0.087,function-wide AWS/Lambda Invocations; 300s buckets; 48h window
default/justhodl-symdir-warm,justhodl-symdir-warm,scheduler,default,ENABLED,rate(5 minutes),arn:aws:lambda:us-east-1:857687956942:function:justhodl-symdir,0.087,function-wide AWS/Lambda Invocations; 300s buckets; 48h window
default/justhodl-tic-full-12h,justhodl-tic-full-12h,scheduler,default,ENABLED,rate(24 hours),arn:aws:lambda:us-east-1:857687956942:function:justhodl-tic-full,13.837,function-wide AWS/Lambda Invocations; 300s buckets; 48h window
default/justhodl-top-signals,justhodl-top-signals,scheduler,default,ENABLED,rate(24 hours),arn:aws:lambda:us-east-1:857687956942:function:justhodl-top-signals,13.837,function-wide AWS/Lambda Invocations; 300s buckets; 48h window
default/justhodl-tv-bars-universe-refresh,justhodl-tv-bars-universe-refresh,scheduler,default,ENABLED,cron(30 2 * * ? *),arn:aws:lambda:us-east-1:857687956942:function:justhodl-tv-bars,1.004,function-wide AWS/Lambda Invocations; 300s buckets; 48h window
default/justhodl-worldbank-full-2h,justhodl-worldbank-full-2h,scheduler,default,ENABLED,rate(2 hours),arn:aws:lambda:us-east-1:857687956942:function:justhodl-worldbank-full,1.837,function-wide AWS/Lambda Invocations; 300s buckets; 48h window
default/justhodl-worldbank-full-weekly,justhodl-worldbank-full-weekly,scheduler,default,ENABLED,rate(7 days),arn:aws:lambda:us-east-1:857687956942:function:justhodl-worldbank-full,1.837,function-wide AWS/Lambda Invocations; 300s buckets; 48h window
default/quantum-desk-sched,quantum-desk-sched,scheduler,default,ENABLED,cron(55 23 * * ? *),arn:aws:lambda:us-east-1:857687956942:function:justhodl-quantum-desk,16.42,function-wide AWS/Lambda Invocations; 300s buckets; 48h window
default/treasury-rehypo-daily,treasury-rehypo-daily,scheduler,default,ENABLED,cron(40 21 ? * MON-FRI *),arn:aws:lambda:us-east-1:857687956942:function:justhodl-treasury-rehypo,18.67,function-wide AWS/Lambda Invocations; 300s buckets; 48h window
default/trend-reversal-daily,trend-reversal-daily,scheduler,default,ENABLED,cron(50 20 ? * MON-FRI *),arn:aws:lambda:us-east-1:857687956942:function:justhodl-trend-reversal,19.504,function-wide AWS/Lambda Invocations; 300s buckets; 48h window
divergence-interpreter-4hourly,divergence-interpreter-4hourly,events,,ENABLED,cron(30 0/4 * * ? *),arn:aws:lambda:us-east-1:857687956942:function:justhodl-divergence-interpreter,3.837,function-wide AWS/Lambda Invocations; 300s buckets; 48h window
dr-snapshot-daily,dr-snapshot-daily,events,,ENABLED,cron(0 6 * * ? *),arn:aws:lambda:us-east-1:857687956942:function:justhodl-dr-snapshot,10.337,function-wide AWS/Lambda Invocations; 300s buckets; 48h window
engine-contribution-weekly,engine-contribution-weekly,events,,ENABLED,cron(0 2 ? * SUN *),arn:aws:lambda:us-east-1:857687956942:function:justhodl-engine-contribution,2.254,function-wide AWS/Lambda Invocations; 300s buckets; 48h window
engine-robustness-weekly,engine-robustness-weekly,events,,ENABLED,cron(0 4 ? * TUE *),arn:aws:lambda:us-east-1:857687956942:function:justhodl-engine-robustness,no invocation observed in 48h,function-wide AWS/Lambda Invocations; 300s buckets; 48h window
fleet-error-monitor-5min,fleet-error-monitor-5min,events,,ENABLED,rate(5 minutes),arn:aws:lambda:us-east-1:857687956942:function:justhodl-fleet-error-monitor,0.087,function-wide AWS/Lambda Invocations; 300s buckets; 48h window
fmp-movers-hourly,fmp-movers-hourly,events,,ENABLED,rate(1 hour),arn:aws:lambda:us-east-1:857687956942:function:fmp-stock-picks-agent,0.587,function-wide AWS/Lambda Invocations; 300s buckets; 48h window
fmp-stock-picks-daily,fmp-stock-picks-daily,events,,ENABLED,rate(1 day),arn:aws:lambda:us-east-1:857687956942:function:fmp-stock-picks-agent,0.587,function-wide AWS/Lambda Invocations; 300s buckets; 48h window
justhodl-aaii-sentiment-daily,justhodl-aaii-sentiment-daily,events,,ENABLED,rate(1 day),arn:aws:lambda:us-east-1:857687956942:function:justhodl-aaii-sentiment,22.337,function-wide AWS/Lambda Invocations; 300s buckets; 48h window
justhodl-alpha-confluence-hourly,justhodl-alpha-confluence-hourly,events,,ENABLED,cron(12 * * * ? *),arn:aws:lambda:us-east-1:857687956942:function:justhodl-alpha-confluence,0.17,function-wide AWS/Lambda Invocations; 300s buckets; 48h window
justhodl-alpha-council-cadence,justhodl-alpha-council-cadence,events,,ENABLED,cron(55 23 * * ? *),arn:aws:lambda:us-east-1:857687956942:function:justhodl-alpha-council,16.42,function-wide AWS/Lambda Invocations; 300s buckets; 48h window
justhodl-audit-loop-2h,justhodl-audit-loop-2h,events,,ENABLED,rate(2 hours),arn:aws:lambda:us-east-1:857687956942:function:justhodl-audit-loop,1.254,function-wide AWS/Lambda Invocations; 300s buckets; 48h window
justhodl-backend-agent-15min,justhodl-backend-agent-15min,events,,ENABLED,rate(15 minutes),arn:aws:lambda:us-east-1:857687956942:function:justhodl-backend-agent,0.17,function-wide AWS/Lambda Invocations; 300s buckets; 48h window
justhodl-backfill-hourly,justhodl-backfill-hourly,events,,ENABLED,rate(1 hour),arn:aws:lambda:us-east-1:857687956942:function:justhodl-backfill-orchestrator,1.004,function-wide AWS/Lambda Invocations; 300s buckets; 48h window
justhodl-bis-gleif-weekly,justhodl-bis-gleif-weekly,events,,ENABLED,rate(6 hours),arn:aws:lambda:us-east-1:857687956942:function:justhodl-bis-gleif,2.754,function-wide AWS/Lambda Invocations; 300s buckets; 48h window
justhodl-bond-trace-cadence,justhodl-bond-trace-cadence,events,,ENABLED,cron(0 21 ? * MON-FRI *),arn:aws:lambda:us-east-1:857687956942:function:justhodl-bond-trace,19.337,function-wide AWS/Lambda Invocations; 300s buckets; 48h window
justhodl-canary-macro-hourly,justhodl-canary-macro-hourly,events,,ENABLED,rate(2 hours),arn:aws:lambda:us-east-1:857687956942:function:justhodl-canary-macro,1.087,function-wide AWS/Lambda Invocations; 300s buckets; 48h window
justhodl-cftc-full-daily,justhodl-cftc-full-daily,events,,ENABLED,rate(6 hours),arn:aws:lambda:us-east-1:857687956942:function:justhodl-cftc-full-datasets,2.754,function-wide AWS/Lambda Invocations; 300s buckets; 48h window
justhodl-cot-tracker-weekly,justhodl-cot-tracker-weekly,events,,ENABLED,cron(0 22 ? * FRI *),arn:aws:lambda:us-east-1:857687956942:function:justhodl-cot-tracker,18.337,function-wide AWS/Lambda Invocations; 300s buckets; 48h window
justhodl-coverage-gap-daily,justhodl-coverage-gap-daily,events,,ENABLED,cron(45 6 * * ? *),arn:aws:lambda:us-east-1:857687956942:function:justhodl-coverage-gap-report,9.587,function-wide AWS/Lambda Invocations; 300s buckets; 48h window
justhodl-credit-stress-cadence,justhodl-credit-stress-cadence,events,,ENABLED,cron(10 22 ? * MON-FRI *),arn:aws:lambda:us-east-1:857687956942:function:justhodl-credit-stress,18.17,function-wide AWS/Lambda Invocations; 300s buckets; 48h window
justhodl-crisis-knowledge-base-cadence,justhodl-crisis-knowledge-base-cadence,events,,ENABLED,cron(20 22 ? * MON-FRI *),arn:aws:lambda:us-east-1:857687956942:function:justhodl-crisis-knowledge-base,18.004,function-wide AWS/Lambda Invocations; 300s buckets; 48h window
justhodl-cross-asset-rv-cadence,justhodl-cross-asset-rv-cadence,events,,ENABLED,cron(45 22 ? * MON-FRI *),arn:aws:lambda:us-east-1:857687956942:function:justhodl-cross-asset-rv,17.587,function-wide AWS/Lambda Invocations; 300s buckets; 48h window
justhodl-crypto-15min,justhodl-crypto-15min,events,,ENABLED,rate(15 minutes),arn:aws:lambda:us-east-1:857687956942:function:justhodl-crypto-intel,0.087,function-wide AWS/Lambda Invocations; 300s buckets; 48h window
justhodl-crypto-basis-hourly,justhodl-crypto-basis-hourly,events,,ENABLED,cron(25 * * * ? *),arn:aws:lambda:us-east-1:857687956942:function:justhodl-crypto-basis,0.92,function-wide AWS/Lambda Invocations; 300s buckets; 48h window
justhodl-crypto-enricher-daily,justhodl-crypto-enricher-daily,events,,ENABLED,rate(1 day),arn:aws:lambda:us-east-1:857687956942:function:justhodl-crypto-enricher,23.587,function-wide AWS/Lambda Invocations; 300s buckets; 48h window
justhodl-crypto-funding-hourly,justhodl-crypto-funding-hourly,events,,ENABLED,rate(1 hour),arn:aws:lambda:us-east-1:857687956942:function:justhodl-crypto-funding,0.087,function-wide AWS/Lambda Invocations; 300s buckets; 48h window
justhodl-cusip-map-rebuild-hourly,justhodl-cusip-map-rebuild-hourly,events,,ENABLED,rate(1 hour),arn:aws:lambda:us-east-1:857687956942:function:justhodl-cusip-map-rebuild,0.92,function-wide AWS/Lambda Invocations; 300s buckets; 48h window
justhodl-cyclical-bagger-daily,justhodl-cyclical-bagger-daily,events,,ENABLED,cron(0 15 * * ? *),arn:aws:lambda:us-east-1:857687956942:function:justhodl-cyclical-bagger,1.337,function-wide AWS/Lambda Invocations; 300s buckets; 48h window
justhodl-daily-8am,justhodl-daily-8am,events,,ENABLED,rate(1 day),arn:aws:lambda:us-east-1:857687956942:function:justhodl-daily-report-v3,23.754,function-wide AWS/Lambda Invocations; 300s buckets; 48h window
justhodl-daily-v3,justhodl-daily-v3,events,,ENABLED,rate(1 day),arn:aws:lambda:us-east-1:857687956942:function:justhodl-daily-report-v3,23.754,function-wide AWS/Lambda Invocations; 300s buckets; 48h window
justhodl-dex-scanner-15min,justhodl-dex-scanner-15min,events,,ENABLED,rate(15 minutes),arn:aws:lambda:us-east-1:857687956942:function:justhodl-dex-scanner,0.087,function-wide AWS/Lambda Invocations; 300s buckets; 48h window
justhodl-edgar-full-index-daily,justhodl-edgar-full-index-daily,events,,ENABLED,cron(35 5 * * ? *),arn:aws:lambda:us-east-1:857687956942:function:justhodl-edgar-full-index,10.754,function-wide AWS/Lambda Invocations; 300s buckets; 48h window
justhodl-engine-leaderboard-cadence,justhodl-engine-leaderboard-cadence,events,,ENABLED,cron(40 23 * * ? *),arn:aws:lambda:us-east-1:857687956942:function:justhodl-engine-leaderboard,16.67,function-wide AWS/Lambda Invocations; 300s buckets; 48h window
justhodl-eurostat-oecd-weekly,justhodl-eurostat-oecd-weekly,events,,ENABLED,rate(6 hours),arn:aws:lambda:us-east-1:857687956942:function:justhodl-eurostat-oecd,2.754,function-wide AWS/Lambda Invocations; 300s buckets; 48h window
justhodl-event-study-cadence,justhodl-event-study-cadence,events,,ENABLED,cron(30 22 ? * MON-FRI *),arn:aws:lambda:us-east-1:857687956942:function:justhodl-event-study,17.837,function-wide AWS/Lambda Invocations; 300s buckets; 48h window
justhodl-fabrication-weekly-cron,justhodl-fabrication-weekly-cron,events,,ENABLED,cron(30 6 ? * MON *),arn:aws:lambda:us-east-1:857687956942:function:justhodl-fabrication-weekly,no invocation observed in 48h,function-wide AWS/Lambda Invocations; 300s buckets; 48h window
justhodl-fedwatch-rate-probability-daily,justhodl-fedwatch-rate-probability-daily,events,,ENABLED,cron(0 23 * * ? *),arn:aws:lambda:us-east-1:857687956942:function:justhodl-fedwatch-rate-probability,17.337,function-wide AWS/Lambda Invocations; 300s buckets; 48h window
justhodl-feed-catalog-cadence,justhodl-feed-catalog-cadence,events,,ENABLED,cron(50 21 * * ? *),arn:aws:lambda:us-east-1:857687956942:function:justhodl-feed-catalog,10.087,function-wide AWS/Lambda Invocations; 300s buckets; 48h window
justhodl-fred-catalog-5min,justhodl-fred-catalog-5min,events,,ENABLED,rate(15 minutes),arn:aws:lambda:us-east-1:857687956942:function:justhodl-fred-catalog | arn:aws:lambda:us-east-1:857687956942:function:justhodl-fred-catalog,0.17 | 0.17,function-wide AWS/Lambda Invocations; 300s buckets; 48h window
justhodl-fred-catalog-daily,justhodl-fred-catalog-daily,events,,ENABLED,cron(50 6 * * ? *),arn:aws:lambda:us-east-1:857687956942:function:justhodl-fred-tag-crawler,9.504,function-wide AWS/Lambda Invocations; 300s buckets; 48h window
justhodl-gdelt-sentiment-30min,justhodl-gdelt-sentiment-30min,events,,ENABLED,rate(15 minutes),arn:aws:lambda:us-east-1:857687956942:function:justhodl-gdelt-sentiment,0.254,function-wide AWS/Lambda Invocations; 300s buckets; 48h window
justhodl-global-expansion-hourly,justhodl-global-expansion-hourly,events,,ENABLED,rate(6 hours),arn:aws:lambda:us-east-1:857687956942:function:justhodl-global-expansion,1.087,function-wide AWS/Lambda Invocations; 300s buckets; 48h window
justhodl-global-macro-cadence,justhodl-global-macro-cadence,events,,ENABLED,cron(15 22 ? * MON-FRI *),arn:aws:lambda:us-east-1:857687956942:function:justhodl-global-macro,18.087,function-wide AWS/Lambda Invocations; 300s buckets; 48h window
justhodl-historical-analogs-cadence,justhodl-historical-analogs-cadence,events,,ENABLED,cron(35 22 ? * MON-FRI *),arn:aws:lambda:us-east-1:857687956942:function:justhodl-historical-analogs,17.754,function-wide AWS/Lambda Invocations; 300s buckets; 48h window
justhodl-implied-prob-cadence,justhodl-implied-prob-cadence,events,,ENABLED,cron(25 22 ? * MON-FRI *),arn:aws:lambda:us-east-1:857687956942:function:justhodl-implied-prob,17.92,function-wide AWS/Lambda Invocations; 300s buckets; 48h window
justhodl-insider-trades-30min,justhodl-insider-trades-30min,events,,ENABLED,rate(30 minutes),arn:aws:lambda:us-east-1:857687956942:function:justhodl-insider-trades,0.087,function-wide AWS/Lambda Invocations; 300s buckets; 48h window
justhodl-intel-daily,justhodl-intel-daily,events,,ENABLED,rate(1 day),arn:aws:lambda:us-east-1:857687956942:function:justhodl-intelligence,0.587,function-wide AWS/Lambda Invocations; 300s buckets; 48h window
justhodl-intel-hourly,justhodl-intel-hourly,events,,ENABLED,rate(1 hour),arn:aws:lambda:us-east-1:857687956942:function:justhodl-intelligence,0.587,function-wide AWS/Lambda Invocations; 300s buckets; 48h window
justhodl-inventory-drawdown-weekly,justhodl-inventory-drawdown-weekly,events,,ENABLED,cron(30 23 ? * TUE *),arn:aws:lambda:us-east-1:857687956942:function:justhodl-inventory-drawdown,no invocation observed in 48h,function-wide AWS/Lambda Invocations; 300s buckets; 48h window
justhodl-labor-leading-daily,justhodl-labor-leading-daily,events,,ENABLED,rate(1 day),arn:aws:lambda:us-east-1:857687956942:function:justhodl-labor-leading,23.587,function-wide AWS/Lambda Invocations; 300s buckets; 48h window
justhodl-lambda-inventory-daily,justhodl-lambda-inventory-daily,events,,ENABLED,cron(0 6 * * ? *),arn:aws:lambda:us-east-1:857687956942:function:justhodl-lambda-inventory,10.337,function-wide AWS/Lambda Invocations; 300s buckets; 48h window
justhodl-liquidity-flow-cadence,justhodl-liquidity-flow-cadence,events,,ENABLED,cron(5 22 ? * MON-FRI *),arn:aws:lambda:us-east-1:857687956942:function:justhodl-liquidity-flow,18.254,function-wide AWS/Lambda Invocations; 300s buckets; 48h window
justhodl-liquidity-flow-daily,justhodl-liquidity-flow-daily,events,,ENABLED,rate(1 day),arn:aws:lambda:us-east-1:857687956942:function:justhodl-liquidity-flow,18.254,function-wide AWS/Lambda Invocations; 300s buckets; 48h window
justhodl-ma-tracker-hourly,justhodl-ma-tracker-hourly,events,,ENABLED,rate(1 hour),arn:aws:lambda:us-east-1:857687956942:function:justhodl-ma-tracker,0.087,function-wide AWS/Lambda Invocations; 300s buckets; 48h window
justhodl-methodology-scout-cadence,justhodl-methodology-scout-cadence,events,,ENABLED,rate(7 days),arn:aws:lambda:us-east-1:857687956942:function:justhodl-methodology-scout,no invocation observed in 48h,function-wide AWS/Lambda Invocations; 300s buckets; 48h window
justhodl-morning-brief-daily,justhodl-morning-brief-daily,events,,ENABLED,rate(1 day),arn:aws:lambda:us-east-1:857687956942:function:justhodl-morning-intelligence,23.587,function-wide AWS/Lambda Invocations; 300s buckets; 48h window
justhodl-nyfed-dealer-survey-weekly,justhodl-nyfed-dealer-survey-weekly,events,,ENABLED,rate(7 days),arn:aws:lambda:us-east-1:857687956942:function:justhodl-nyfed-dealer-survey,no invocation observed in 48h,function-wide AWS/Lambda Invocations; 300s buckets; 48h window
justhodl-nyfed-full-history-daily,justhodl-nyfed-full-history-daily,events,,ENABLED,cron(25 5 * * ? *),arn:aws:lambda:us-east-1:857687956942:function:justhodl-nyfed-full-history,10.92,function-wide AWS/Lambda Invocations; 300s buckets; 48h window
justhodl-nyfed-markets-hourly,justhodl-nyfed-markets-hourly,events,,ENABLED,rate(1 hour),arn:aws:lambda:us-east-1:857687956942:function:justhodl-nyfed-markets-full,0.17,function-wide AWS/Lambda Invocations; 300s buckets; 48h window
justhodl-nyfed-repo-deep-daily,justhodl-nyfed-repo-deep-daily,events,,ENABLED,cron(22 5 * * ? *),arn:aws:lambda:us-east-1:857687956942:function:justhodl-nyfed-repo-deep,11.004,function-wide AWS/Lambda Invocations; 300s buckets; 48h window
justhodl-oecd-cli-weekly,justhodl-oecd-cli-weekly,events,,ENABLED,rate(6 hours),arn:aws:lambda:us-east-1:857687956942:function:justhodl-oecd-cli,2.754,function-wide AWS/Lambda Invocations; 300s buckets; 48h window
justhodl-ofr-stfm-hourly,justhodl-ofr-stfm-hourly,events,,ENABLED,rate(1 hour),arn:aws:lambda:us-east-1:857687956942:function:justhodl-ofr-stfm,0.254,function-wide AWS/Lambda Invocations; 300s buckets; 48h window
justhodl-options-gamma-30min,justhodl-options-gamma-30min,events,,ENABLED,rate(30 minutes),arn:aws:lambda:us-east-1:857687956942:function:justhodl-options-gamma,0.087,function-wide AWS/Lambda Invocations; 300s buckets; 48h window
justhodl-plumbing-aggregator-hourly,justhodl-plumbing-aggregator-hourly,events,,ENABLED,rate(1 hour),arn:aws:lambda:us-east-1:857687956942:function:justhodl-plumbing-aggregator,0.754,function-wide AWS/Lambda Invocations; 300s buckets; 48h window
justhodl-plumbing-panel-weekly,justhodl-plumbing-panel-weekly,events,,ENABLED,rate(2 hours),arn:aws:lambda:us-east-1:857687956942:function:justhodl-plumbing-panel,1.087,function-wide AWS/Lambda Invocations; 300s buckets; 48h window
justhodl-polygon-daily-2130,justhodl-polygon-daily-2130,events,,ENABLED,cron(30 21 * * ? *),arn:aws:lambda:us-east-1:857687956942:function:justhodl-polygon-daily-snapshot,18.837,function-wide AWS/Lambda Invocations; 300s buckets; 48h window
justhodl-portfolio-risk-hourly,justhodl-portfolio-risk-hourly,events,,ENABLED,cron(43 * * * ? *),arn:aws:lambda:us-east-1:857687956942:function:justhodl-portfolio-risk,0.67,function-wide AWS/Lambda Invocations; 300s buckets; 48h window
justhodl-portfolio-sizer-hourly,justhodl-portfolio-sizer-hourly,events,,ENABLED,cron(45 * * * ? *),arn:aws:lambda:us-east-1:857687956942:function:justhodl-portfolio-sizer,0.587,function-wide AWS/Lambda Invocations; 300s buckets; 48h window
justhodl-portfolio-snapshot-hourly,justhodl-portfolio-snapshot-hourly,events,,ENABLED,cron(40 * * * ? *),arn:aws:lambda:us-east-1:857687956942:function:justhodl-portfolio-snapshot:live,0.67,function-wide AWS/Lambda Invocations; 300s buckets; 48h window
justhodl-price-redundancy-15min,justhodl-price-redundancy-15min,events,,ENABLED,rate(15 minutes),arn:aws:lambda:us-east-1:857687956942:function:justhodl-price-redundancy,0.087,function-wide AWS/Lambda Invocations; 300s buckets; 48h window
justhodl-provenance-rollup-daily,justhodl-provenance-rollup-daily,events,,ENABLED,cron(45 5 * * ? *),arn:aws:lambda:us-east-1:857687956942:function:justhodl-provenance-rollup,10.587,function-wide AWS/Lambda Invocations; 300s buckets; 48h window
justhodl-provider-catalog-hourly,justhodl-provider-catalog-hourly,events,,ENABLED,rate(1 hour),arn:aws:lambda:us-east-1:857687956942:function:justhodl-provider-catalog,0.587,function-wide AWS/Lambda Invocations; 300s buckets; 48h window
justhodl-redflag-alerter-30min,justhodl-redflag-alerter-30min,events,,ENABLED,rate(30 minutes),arn:aws:lambda:us-east-1:857687956942:function:justhodl-redflag-alerter,0.087,function-wide AWS/Lambda Invocations; 300s buckets; 48h window
justhodl-repo-30min,justhodl-repo-30min,events,,ENABLED,rate(30 minutes),arn:aws:lambda:us-east-1:857687956942:function:justhodl-repo-monitor,0.087,function-wide AWS/Lambda Invocations; 300s buckets; 48h window
justhodl-repo-daily,justhodl-repo-daily,events,,ENABLED,cron(10 6 * * ? *),arn:aws:lambda:us-east-1:857687956942:function:justhodl-repo | arn:aws:lambda:us-east-1:857687956942:function:justhodl-repo-monitor,10.17 | 0.087,function-wide AWS/Lambda Invocations; 300s buckets; 48h window
justhodl-risk-gate-hourly,justhodl-risk-gate-hourly,events,,ENABLED,rate(1 hour),arn:aws:lambda:us-east-1:857687956942:function:justhodl-risk-gate:live,0.67,function-wide AWS/Lambda Invocations; 300s buckets; 48h window
justhodl-sdmx-walker-hourly,justhodl-sdmx-walker-hourly,events,,ENABLED,rate(5 minutes),arn:aws:lambda:us-east-1:857687956942:function:justhodl-sdmx-walker,0.087,function-wide AWS/Lambda Invocations; 300s buckets; 48h window
justhodl-sec-10kq-4h,justhodl-sec-10kq-4h,events,,ENABLED,rate(4 hours),arn:aws:lambda:us-east-1:857687956942:function:justhodl-sec-10kq,3.587,function-wide AWS/Lambda Invocations; 300s buckets; 48h window
justhodl-sec-13f-daily,justhodl-sec-13f-daily,events,,ENABLED,rate(30 minutes),arn:aws:lambda:us-east-1:857687956942:function:justhodl-sec-13f,0.337,function-wide AWS/Lambda Invocations; 300s buckets; 48h window
justhodl-sec-8k-30min,justhodl-sec-8k-30min,events,,ENABLED,rate(30 minutes),arn:aws:lambda:us-east-1:857687956942:function:justhodl-sec-8k,0.337,function-wide AWS/Lambda Invocations; 300s buckets; 48h window
justhodl-sec-bulk-hourly,justhodl-sec-bulk-hourly,events,,ENABLED,rate(12 hours),arn:aws:lambda:us-east-1:857687956942:function:justhodl-sec-bulk,8.754,function-wide AWS/Lambda Invocations; 300s buckets; 48h window
justhodl-self-critique-daily,justhodl-self-critique-daily,events,,ENABLED,cron(20 22 * * ? *),arn:aws:lambda:us-east-1:857687956942:function:justhodl-self-critique,18.004,function-wide AWS/Lambda Invocations; 300s buckets; 48h window
justhodl-sentiment-daily,justhodl-sentiment-daily,events,,ENABLED,rate(1 day),arn:aws:lambda:us-east-1:857687956942:function:justhodl-news-sentiment,9.587,function-wide AWS/Lambda Invocations; 300s buckets; 48h window
justhodl-series-extractor-5min,justhodl-series-extractor-5min,events,,ENABLED,rate(1 hour),arn:aws:lambda:us-east-1:857687956942:function:justhodl-series-extractor | arn:aws:lambda:us-east-1:857687956942:function:justhodl-series-extractor | arn:aws:lambda:us-east-1:857687956942:function:justhodl-series-extractor | arn:aws:lambda:us-east-1:857687956942:function:justhodl-series-extractor,0.92 | 0.92 | 0.92 | 0.92,function-wide AWS/Lambda Invocations; 300s buckets; 48h window
justhodl-shadow-lab-cadence,justhodl-shadow-lab-cadence,events,,ENABLED,cron(30 21 ? * MON-FRI *),arn:aws:lambda:us-east-1:857687956942:function:justhodl-shadow-lab,18.837,function-wide AWS/Lambda Invocations; 300s buckets; 48h window
justhodl-signal-fabric-cadence,justhodl-signal-fabric-cadence,events,,ENABLED,cron(10 0 * * ? *),arn:aws:lambda:us-east-1:857687956942:function:justhodl-signal-fabric,0.254,function-wide AWS/Lambda Invocations; 300s buckets; 48h window
justhodl-signal-optimizer-cadence,justhodl-signal-optimizer-cadence,events,,ENABLED,cron(50 23 * * ? *),arn:aws:lambda:us-east-1:857687956942:function:justhodl-signal-optimizer,16.504,function-wide AWS/Lambda Invocations; 300s buckets; 48h window
justhodl-smart-money-holdings-daily,justhodl-smart-money-holdings-daily,events,,ENABLED,cron(30 14 * * ? *),arn:aws:lambda:us-east-1:857687956942:function:justhodl-smart-money-holdings,1.837,function-wide AWS/Lambda Invocations; 300s buckets; 48h window
justhodl-smart-money-tracker-daily,justhodl-smart-money-tracker-daily,events,,ENABLED,cron(0 14 * * ? *),arn:aws:lambda:us-east-1:857687956942:function:justhodl-smart-money-tracker,2.337,function-wide AWS/Lambda Invocations; 300s buckets; 48h window
justhodl-stock-screener-4h,justhodl-stock-screener-4h,events,,ENABLED,rate(4 hours),arn:aws:lambda:us-east-1:857687956942:function:justhodl-stock-screener,3.587,function-wide AWS/Lambda Invocations; 300s buckets; 48h window
justhodl-symbology-master-daily,justhodl-symbology-master-daily,events,,ENABLED,cron(15 5 * * ? *),arn:aws:lambda:us-east-1:857687956942:function:justhodl-symbology-master,11.087,function-wide AWS/Lambda Invocations; 300s buckets; 48h window
justhodl-te-fred-mirror-hourly,justhodl-te-fred-mirror-hourly,events,,ENABLED,rate(1 hour),arn:aws:lambda:us-east-1:857687956942:function:justhodl-te-fred-mirror,0.837,function-wide AWS/Lambda Invocations; 300s buckets; 48h window
justhodl-tiingo-news-cadence,justhodl-tiingo-news-cadence,events,,ENABLED,cron(45 20 ? * MON-FRI *),arn:aws:lambda:us-east-1:857687956942:function:justhodl-tiingo-news,19.587,function-wide AWS/Lambda Invocations; 300s buckets; 48h window
justhodl-trade-logger-hourly,justhodl-trade-logger-hourly,events,,ENABLED,cron(50 * * * ? *),arn:aws:lambda:us-east-1:857687956942:function:justhodl-trade-logger,0.504,function-wide AWS/Lambda Invocations; 300s buckets; 48h window
justhodl-treasury-fiscal-daily,justhodl-treasury-fiscal-daily,events,,ENABLED,cron(55 5 * * ? *),arn:aws:lambda:us-east-1:857687956942:function:justhodl-treasury-fiscal-full,10.42,function-wide AWS/Lambda Invocations; 300s buckets; 48h window
justhodl-tv-bars-hourly,justhodl-tv-bars-hourly,events,,DISABLED,rate(1 hour),arn:aws:lambda:us-east-1:857687956942:function:justhodl-tv-bars,1.004,function-wide AWS/Lambda Invocations; 300s buckets; 48h window
justhodl-usd-funding-daily,justhodl-usd-funding-daily,events,,ENABLED,cron(20 22 ? * MON-FRI *),arn:aws:lambda:us-east-1:857687956942:function:justhodl-usd-funding,18.004,function-wide AWS/Lambda Invocations; 300s buckets; 48h window
justhodl-usgov-direct-daily,justhodl-usgov-direct-daily,events,,ENABLED,cron(40 12 * * ? *),arn:aws:lambda:us-east-1:857687956942:function:justhodl-usgov-direct,3.67,function-wide AWS/Lambda Invocations; 300s buckets; 48h window
justhodl-vix-curve-30min,justhodl-vix-curve-30min,events,,ENABLED,rate(30 minutes),arn:aws:lambda:us-east-1:857687956942:function:justhodl-vix-curve,0.087,function-wide AWS/Lambda Invocations; 300s buckets; 48h window
justhodl-warm-bridge-hourly,justhodl-warm-bridge-hourly,events,,ENABLED,rate(1 hour),arn:aws:lambda:us-east-1:857687956942:function:justhodl-warm-bridge,0.837,function-wide AWS/Lambda Invocations; 300s buckets; 48h window
macro-calendar-daily,macro-calendar-daily,events,,ENABLED,cron(0 11 * * ? *),arn:aws:lambda:us-east-1:857687956942:function:justhodl-macro-calendar,5.337,function-wide AWS/Lambda Invocations; 300s buckets; 48h window
macro-financial-daily-execution,macro-financial-daily-execution,events,,ENABLED,rate(1 day),arn:aws:lambda:us-east-1:857687956942:function:macro-financial-intelligence,2.254,function-wide AWS/Lambda Invocations; 300s buckets; 48h window
repo-metrics-15min,repo-metrics-15min,events,,ENABLED,rate(15 minutes),arn:aws:lambda:us-east-1:857687956942:function:enhanced-repo-agent,0.087,function-wide AWS/Lambda Invocations; 300s buckets; 48h window
secretary-4h-scan,secretary-4h-scan,events,,ENABLED,rate(4 hours),arn:aws:lambda:us-east-1:857687956942:function:justhodl-financial-secretary,3.587,function-wide AWS/Lambda Invocations; 300s buckets; 48h window
tax-plan-daily,tax-plan-daily,events,,ENABLED,cron(45 11 ? * * *),arn:aws:lambda:us-east-1:857687956942:function:justhodl-tax-plan,4.587,function-wide AWS/Lambda Invocations; 300s buckets; 48h window
