FREQ,REF_AREA,UNIT_MEASURE,UNIT_MULT,TIME_FORMAT,COMPILATION,DECIMALS,SOURCE_REF,SUPP_INFO_BREAKS,TITLE,TIME_PERIOD,OBS_VALUE,OBS_STATUS,OBS_CONF,OBS_PRE_BREAK
D,AU,368,0,,From 2 Aug 1990 onwards: cash rate target; from 23 Jan 1990 to 1 Aug 1990: middle of the cash rate target range; from 7 Apr 1976 to 22 Jan 1990: interbank overnight cash rate.,4,Reserve Bank of Australia,"This rate can be considered the official policy rate as from 23 Jan 1990. Australia had a managed exchange rate regime prior to 1983, in an environment of capital controls. The RBA did not have an explicit target interest rate prior to 23 Jan 1990. The BIS publishes a representative rate for that period. Between  23 Jan 1990 and 31 Jul the middle of the cash rate target corridor is used.", Central bank policy rates - Australia - Daily - End of period,2026-09-24,4.35,A,F,
M,BR,368,0,,"From 5 Mar 1999 onwards Central Bank target, money market (SELIC) overnight rate; from 1 Jul 1996 to 4 Mar 1999: Central Bank official rediscount rate; from 4 Jun 1986 to 30 Jun 1996: official market intervention rate, representative rate.",4,Central Bank of Brazil,"This rate can be considered the official policy rate as from 5 Mar 1999. From Jul 1996 to 4 Mar 1999, the TBC rate (basic interest rate) was used; from Mar 1999 onwards, the TARGET for the SELIC rate was used, which defines a threshold for the open market operations. The SELIC rate is a daily interest rate for overnight interbank loans collateralised by government bonds (overnight federal funds) registered and traded at the SELIC (Sistema Especial de Liquidação e Custódia - Special System for Settlement and Custody).", Central bank policy rates - Brazil - Monthly - End of period,2026-08,14,A,F,
M,AR,368,0,,"From 10 July 2025 onwards: no policy rate adopted; from 22 July 2024 to 9 July 2025: liquidity absorption rate for treasury bills; from 18 December 2023 to 21 July 2024: Overnight Reverse Repos Interest Rate; from 6 January 2022 to 17 December 2023: 28-day Liquidity Bills (LELIQ) interest rate; from 21 January 2020 to 5 January 2022: weighted average interest rate of minimum term LELIQ issued at the last auction process; from 1 October 2018 to 20 January 2020, average interest rate of the accepted offers for the liquidity bills; from 8 August 2018 to 30 September 2018: 7 days liquidity bills interest rate; from 2 January 2017 to 7 August 2018, median of the repo rate corridor; from 16 December 2015 to 1 January 2017: interest rate in BCRA bills (LEBACs), 35 days LEBAC auction; from 29 Jan 2014 to 15 Dec 2015: CB issues, 3 months; from 11 Sep 2009 to 28 Jan 2014:7-day reverse repo operations; before 10 Sep 2009, refer to https://data.bis.org/topics/CBPOL",4,Central Bank of Argentina,"From 10 July 2025 onwards, the monetary policy of the Central Bank of Argentina is based on controlling monetary aggregates, eliminating the concept of a ""monetary policy interest rate"".", Central bank policy rates - Argentina - Monthly - End of period,2025-06,29,A,F,
D,CA,368,0,,"From 1 Jun 1994 onwards: Central Bank target, overnight rate; from 27 Jul 1960 to 31 May 1994: official bank rate.",4,Bank of Canada,"In Jun 1994 the Bank of Canada (BoC) began shifting emphasis from the bank rate to the target for the overnight rate as its key monetary policy instrument. In Feb 1999 the target for the overnight rate was defined as the midpoint of the band, or 25 basis points below the bank rate. In May 2001 the BoC began emphasizing the target as its key interest rate in its communications with the public.", Central bank policy rates - Canada - Daily - End of period,2026-09-28,2.25,A,F,
D,CH,368,0,,From 13 June 2019 onwards SNB Policy rate; From 1 Jan 2000 to 12 June 2019 mid-point of the SNB target range; from 1 Jan 1946 to 31 Dec 1999: discount rate.,4,Swiss National Bank,, Central bank policy rates - Switzerland - Daily - End of period,2026-09-29,0,A,F,
D,CL,368,0,,From 1997 onwards: official monetary policy rate.,4,Central Bank of Chile,"Monetary policy was nominalized as from 9 Aug 2001, and the monetary policy interest rate was initially set at an annual 6.5%. Before that date, the monetary policy rate was defined in terms of a commonly used unit of account, indexed to one-month-lagged CPI.", Central bank policy rates - Chile - Daily - End of period,2026-09-29,4.5,A,F,
D,CN,368,0,,From 20 Aug 2019 onwards: Loan Prime Rate  (1 year): from 1 Jan 1996 till 19 Aug 2019: Official lending rate (1 year).,4,People's Bank of China,, Central bank policy rates - China - Daily - End of period,2026-09-29,3,A,F,
D,CO,368,0,,1 day repo rate.,4,Central Bank of Colombia,"Prior to the adoption of the inflation targeting framework, there was no an explicit policy rate, but a system of monetary targeting with bands  for interest rates and the exchange rate.", Central bank policy rates - Colombia - Daily - End of period,2026-09-23,12,A,F,
D,CZ,368,0,,Offficial 2 week repo rate.,4,Czech National Bank,"The 2 week repo rate can be considered the official policy rate as from 1998, when the CNB switched to an inflation targeting framework. Before 1998, the policy regime as well as monetary policy implementation were different, and the 2 week repo rate is thus just an approximation of the policy stance in that period.", Central bank policy rates - Czechia - Daily - End of period,2026-09-28,NaN,M,F,
D,DE,368,0,,From 1 Jan 1999 onwards: the series is discontinued as Germany joined the euro area; from 1 Jan 1985 to 31 Dec 1998: repo rate; from 1 Jan 1979 to 31 Dec 1984: Lombard rate; prior to 31 Dec 1978: discount rate.,4,"Deutsche Bundesbank, Bank for International Settlements","Until the end of 1998, the refinancing policy of the Deutsche Bundesbank was essentially based on discount and marginal lending (Lombard) operations as well as on open market operations in the form of repurchase (repo) transactions. Because of changes overtime in the relevance of these types of credit for steering money market rates, the series features several policy rates across time.", Central bank policy rates - Germany - Daily - End of period,1998-12-31,3,A,F,
D,DK,368,0,,From 1 April 1992 onwards: interest rate of the certificates of deposits; from  2 Jan 1979 to 31 Mar 1992: official discount rate; from 1 Jan 1946 to 1 Jan 1979: discount rate.,4,Danmarks Nationalbank,, Central bank policy rates - Denmark - Daily - End of period,2026-09-28,2.1,A,F,
D,ES,368,0,,From 1 Jan 1999 onwards: the series is discontinued as Spain joined the euro area; from 14 May 1990 to 31 Dec 1998: the main policy rate was the marginal interest rate of the ten day auctions of Bank of Spain certificates; from 4 May 1983 to 13 May 1990: marginal interest rate of day-by-day monetary adjustment loans; from 14 Sep 1977 to 3 May 1983: marginal interest rate of overnight monetary adjustment loans; from 1 Jan 1945 to 13 Sep 1977: the rediscount interest rate.,4,"Bank of Spain, Bank for International Settlements",, Central bank policy rates - Spain - Daily - End of period,1998-12-31,3,A,F,
D,FR,368,0,,"From 1 Jan 1999 onwards: the series is discontinued as France joined the euro area; from 4 Jan 1982 to 31 Dec 1998: the rate corresponds to the repo rate; from 5 Jul 1973 to 3 Jan 1982: the rate corresponds to the repo rate on call for tenders, firm purchases or repos before purchases on public and private bills of 1st category (""taux des interventions effectuées par la Banque de France sur appels d'offres, achats fermes ou pensions avant achats, effets publics et effets privés à court terme de 1ère catégorie""). Whenever multiple rates were available for a given period, the rate with the shortest maturity has been selected; from 20 Jan 1945 to 4 Jul 1973: the rate was the official discount rate set by the Bank of France.",4,"Bank of France, Bank for International Settlements",, Central bank policy rates - France - Daily - End of period,1998-12-31,3,A,F,
D,GB,368,0,,From 3 Aug 2006 onwards: official bank rate; from 6 May 1997 to 2 Aug 2006: repo rate; from 20 Aug 1981 to 5 May 1997: minimum Bank of England Band 1 dealing rate; from 16 Oct 1972 to 19 Aug 1981: minimum lending rate; from 1 Jan 1946 to 15 Oct 1972: bank rate.,4,Bank of England,, Central bank policy rates - United Kingdom - Daily - End of period,2026-09-28,3.75,A,F,
D,GR,368,0,,"From 1 Jan 2001 onwards: the series is discontinued as Greece joined the euro area; from 28 Mar 1997 to 31 Dec 2000: overnight deposit facility - 1st tier; from 2 Jan 1995 to 27 Mar 1997: overnight intervention (mid) rate; from 1 May 1956 to 01 Jan 1995: discount rate of the Bank of Greece; from 1 Jan 1941 to 30 Apr 1956: no data available; from 30 Mar 1841 to 31 Dec 1940: rate imposed on trade advances at the head offices of the National Bank of Greece (NBG) in Athens and the discount rate by the Bank of Greece sourced from Lazaretou (2014). Between 1956 and 1993, the day the rate becomes effective is assumed to be the first day of the month.  Before 1956, whenever the day of changes is not available, it is set to the end-of-month.",4,Bank of Greece,"Before 1941, figures refer to the rate imposed on trade advances at the head offices of the NBG in Athens as well as at its branches in big commercial cities, such as Piraeus, Patras and Syros. Please refer to Lazaretou, S (2014): ""Greece, from 1833 to 1949"", In: South-Eastern European Monetary History Network (ed.): South-Eastern European monetary and economic statistics from the nineteenth century to World War II, Bank of Greece, Table GR2.1_D.", Central bank policy rates - Greece - Daily - End of period,2000-12-31,3.75,A,F,
D,HK,368,0,,Official base rate.,4,Hong Kong Monetary Authority,, Central bank policy rates - Hong Kong SAR - Daily - End of period,2026-09-23,4.25,A,F,
D,HR,368,0,,From 4 Jan 1993 to 1 Sep 2002: interest rate on money market interbank loans. From 2 Sep 2002 to 31 Dec 2022: interest rate on money market interbank deposits. From 1 Jan 2023 onwards: the series is discontinued as Croatia joined the euro area.,4,Croatian National Bank,From 2 Sep 2002 to 31 December 2022: the volume-weighted average realized interest rate on interbank unbrokered domestic currency overnight loans between credit institutions in Croatia. From 22 Feb 1996 to 1 Sep 2002: the volume-weighted daily average interest rate on domestic currency overnight loans (not exclusively interbank) brokered by Money Market Zagreb (private financial auxiliary). Prior to 22 Feb 1996: unweighted in interest rates on interbank money market according to information published by the Zagreb money market., Central bank policy rates - Croatia - Daily - End of period,2022-12-31,NaN,M,F,
D,HU,368,0,,Official base rate.,4,Hungarian National Bank,As from 23 Sep  2015: 3 month MNB deposit rate. From 1 Aug 2014 to 22 Sep  2015: the 2 week MNB deposit rate. From 10 Jan 2007 to 31 Jul 2014: the 2 week MNB bil rate. Prior to 10 Jan 2007: the 2 week MNB deposit rate. , Central bank policy rates - Hungary - Daily - End of period,2026-09-23,5.5,A,F,
D,ID,368,0,,From 19 Aug 2016 onwards: 7 day reverse repo rate; from 5 Jul 2005 to 18 Aug 2016: official base rate (BI rate).,4,Bank Indonesia,"The rate shift from 6.5% to 5.25% on 19 Aug 2016 does not represent a cut in the policy rate (i.e. loosened monetary policy). On this date, Bank Indonesia (BI) changed the policy rate from BI rate to the BI-7 day reverse repo rate. The BI rate is the weighted average of the 12 month rate of monetary operation instruments auctioned in the market. The BI-7 day reverse repo rate has a stronger relationship with the short term money market rate.", Central bank policy rates - Indonesia - Daily - End of period,2026-09-28,5.75,A,F,
D,IL,368,0,,Offical central bank rate.,4,Bank of Israel,, Central bank policy rates - Israel - Daily - End of period,2026-07-31,3.5,A,F,
D,IN,368,0,,From 3 Apr 2001 onwards: official repo overnight rate; from 1 Jan 1946 to 2 Apr 2001: oank rate.,4,Reserve Bank of India,This rate can be considered the official policy rate as from 2001. The Reserve Bank of India (RBI) did not have a single policy rate prior to 2001. , Central bank policy rates - India - Daily - End of period,2026-07-23,5.25,A,F,
D,IS,368,0,,From 21 May 2014 onwards: Central Bank term deposit rate; from Sep 2009 to 20 May 2014: average of the current account rate and the maximum rate on 28-day certificates of deposits; from 1 Apr 2009 to Sept 2009: current account rate; from 2 Mar 1998 to 31 Mar 2009: 7 day collateralised lending rate.,4,Central Bank of Iceland,, Central bank policy rates - Iceland - Daily - End of period,2026-09-29,8,A,F,
D,IT,368,0,,From 1 Jan 1999 onwards: the series is discontinued as Italy joined the euro area; from 1 Jan 1992 to 31 Dec 1998: the official discount rate and the rate for fixed-term advances were respectively the lower and upper limits of the so-called corridor of official rates; from 1 Jan 1945 to 31 Dec 1991: the official interest rate of Bank of Italy was applied to the discounting of banks' ordinary portfolios.,4,"Bank of Italy, Bank for International Settlements",, Central bank policy rates - Italy - Daily - End of period,1998-12-31,3,A,F,
D,AT,368,0,,From 1 Jan 1999 onwards: the series is discontinued as Austria joined the euro area; from 2 Sep 1996 to 31 Dec 1998: tender fixed rate; from 6 May 1985 to 1 Sep 1996: GOMEX rate; from 18 Sep 1979 to 5 May 1985: Lombard rate with surcharge; from 24 Jan 1979 to 17 Sep 1979: Lombard rate; before 24 Jan 1979: discount rate.,4,"Central Bank of the Republic of Austria, Bank for International Settlements",, Central bank policy rates - Austria - Daily - End of period,1998-12-31,3,A,F,
D,JP,368,0,,"From 24 Sep 2026: the BOJ encourages the uncollateralized overnight call rate to remain at around 1.25 percent; From 17 Jun 2026 to 23 Sep 2026: the BOJ encourages the uncollateralized overnight call rate to remain at around 1.00 percent; From 22 Dec 2025 to 16 Jun 2026: the BOJ encourages the uncollateralized overnight call rate to remain at around 0.75 percent; From 27 Jan 2025 to 21 Dec 2025: the BOJ encourages the uncollateralized overnight call rate to remain at around 0.50 percent; From 1 Aug 2024 to 26 Jan 2025: the BOJ encouraged the UOCR to remain at around 0.25% ; From 21 Mar 2024 to 31 July: the BOJ encouraged the UOCR to remain at around 0 to 0.1 %; from 21 Sep 2016 to 20 Mar 2024: the BOJ set the guideline for market operations which specifies a short-term policy interest rate at minus 0.1% and a target level of 10-year JGB yields at around 0%. Short-term policy interest rate; from 4 Apr 2013 to 20 Sep 2016: no policy rate; from 5 Oct 2010 to 3 Apr 2013: the BOJ encouraged the UOCR to remain at around 0 to 0.1%; from 19 Dec 2008 to 4 Oct 2010: the BOJ encouraged the UOCR to remain at around 0. %; from 31 Oct 2008 to 18 Dec 2008: the BOJ encouraged the UOCR to remain at around 0.3%; before 30 Oct 2008, refer to https://data.bis.org/topics/CBPOL",4,Bank of Japan,For details see: http://www.bis.org/statistics/cbpol/cbpol_doc.pdf  ; https://www.boj.or.jp/en/mopo/mpmdeci/mpr_1998/k980909c.htm ; https://www.boj.or.jp/en/mopo/mpmdeci/mpr_1999/k990212c.htm ; https://www.boj.or.jp/en/mopo/mpmdeci/mpr_2000/k000811.htm ; https://www.boj.or.jp/en/mopo/mpmdeci/mpr_2001/k010228a.htm ; https://www.boj.or.jp/en/mopo/mpmdeci/mpr_2006/k060309.htm ; https://www.boj.or.jp/en/mopo/mpmdeci/mpr_2006/k060714.pdf ; https://www.boj.or.jp/en/mopo/mpmdeci/mpr_2007/k070221.pdf ; https://www.boj.or.jp/en/mopo/mpmdeci/mpr_2008/k081031.pdf ; https://www.boj.or.jp/en/mopo/mpmdeci/mpr_2008/k081219.pdf ; https://www.boj.or.jp/en/mopo/mpmdeci/mpr_2010/k101005.pdf ; https://www.boj.or.jp/en/mopo/mpmdeci/mpr_2016/k160921a.pdf ; https://www.boj.or.jp/en/mopo/mpmdeci/mpr_2024/k240319a.pdf ; https://www.boj.or.jp/en/mopo/mpmdeci/mpr_2024/mpr240731c.pdf ; https://www.boj.or.jp/en/mopo/mpmdeci/mpr_2025/mpr250124a.pdf ; https://www.boj.or.jp/en/mopo/mpmdeci/mpr_2025/k251219a.pdf ; https://www.boj.or.jp/en/mopo/mpmdeci/mpr_2026/k260616a.pdf ; https://www.boj.or.jp/en/mopo/mpmdeci/mpr_2026/k260918a.pdf, Central bank policy rates - Japan - Daily - End of period,2026-09-29,1.25,A,F,
D,KR,368,0,,From 7 Mar 2008 onwards: Bank of Korea base rate; from 6 May 1999 to 6 Mar 2008: target overnight call rate(base rate). ,4,Bank of Korea,The Bank of Korea base rate has been changed from the overnight call rate to 7 day repurchase agreements rate since Feb 2008., Central bank policy rates - Korea - Daily - End of period,2026-08-28,3,A,F,
D,KW,368,0,,From 03 Jun 2002 onwards: discount rate.,4,Central Bank of Kuwait,, Central bank policy rates - Kuwait - Daily - End of period,2026-09-29,3.5,A,F,
D,BE,368,0,,From 1 Jan 1999 onwards: the series is discontinued as Belgium joined the euro area; from 1 Feb 1991 to 31 Dec 1998: the rate was the current account advances rate; from 1 Jan 1945 to 31 Jan 1991: the rate was the official discount rate set by the National Bank of Belgium.,4,"National Bank of Belgium, Bank for International Settlements",, Central bank policy rates - Belgium - Daily - End of period,1998-12-31,NaN,M,F,
D,MA,368,0,,"From 01 Jan 2001: interest rate, 7-day advances (Taux directeur)",4,Bank Al-Maghrib (Central Bank of Morocco),, Central bank policy rates - Morocco - Daily - End of period,2026-08-31,2.25,A,F,
D,MK,368,0,,Official policy rate.,4,National Bank of the Republic of Macedonia,, Central bank policy rates - North Macedonia - Daily - End of period,2026-09-22,4.25,A,F,
D,MX,368,0,,"From 21 Jan 2008 onwards: Central Bank target, money-market overnight rate; from 3 Nov 1998 to 20 Jan 2008: bank funding rate.",4,Bank of Mexico,"As from 21 Jan 2008, the central bank target rate is used, which can be considered the official policy rate. From 3 Nov 1998 until 20 Jan 2008: the bank funding rate. ", Central bank policy rates - Mexico - Daily - End of period,2026-09-29,6.5,A,F,
D,MY,368,0,,From 26 Apr 2004 onwards: overnight policy rate; from 1 Jan 1998 to 25 Apr 2004: 3 month intervention rate; from 3 Nov 1995 to 31 Dec 1997: 3 month interbank rate.,4,Bank Negara Malaysia ,, Central bank policy rates - Malaysia - Daily - End of period,2026-09-29,2.75,A,F,
D,NL,368,0,,From 1 Jan 1999 onwards: the series is discontinued as Netherlands joined the euro area; prior to 31 Dec 1998: the main interest policy rate corresponds to the fixed advance rate set by the De Nederlandsche Bank (DNB).,4,"De Nederlandsche Bank, Bank for International Settlements",, Central bank policy rates - Netherlands - Daily - End of period,1998-12-31,2.75,A,F,
D,NO,368,0,,From 11 Jun 1993 onwards: official deposit facility rate; from 3 Mar 1986 to 10 Jun 1993 official credit facility rate.,4,Norges Bank,, Central bank policy rates - Norway - Daily - End of period,2026-09-25,4.5,A,F,
D,NZ,368,0,,"From 17 Mar 1999 onwards: Official market intervention representative rate, official cash rate; from Jan 1985 to 16 Mar 1999: overnight cash rate.",4,Reserve Bank of New Zealand,This rate can be considered the official policy rate as from 17 Mar 1999. , Central bank policy rates - New Zealand - Daily - End of period,2026-09-25,2.75,A,F,
D,PE,368,0,,Official monetary policy rate.,4,Central Reserve Bank of Peru,, Central bank policy rates - Peru - Daily - End of period,2026-09-28,4.25,A,F,
D,PH,368,0,,"From Jan 1986 onwards: Official market intervention representative rate, liquidity providing.",4,Bangko Sentral ng Pilipinas ,, Central bank policy rates - Philippines - Daily - End of period,2026-09-27,NaN,M,F,
D,PL,368,0,,From 26 Feb 1998 onwards: official 7 day central bank bill yield; from 1 Jan 1993 to 25 Feb 1998: Lombard rate.,4,National Bank of Poland,"This rate can be considered the official policy rate as from 26 Feb 1998 onwards. Prior to that, monetary policy was based on money supply control, not on targeting the interest rate. The Lombard rate was the reference rate for the interbank market, but the open market operations yield resulted from tenders. From 26 Feb 1998 onwards: 7 day central bank bill yield; 1 Jan 1993 until 25 Feb 1998: Lombard rate.", Central bank policy rates - Poland - Daily - End of period,2026-09-29,3.75,A,F,
D,PT,368,0,,From 1 Jan 1999 onwards: the series is discontinued as Portugal joined the euro area; from 19 Aug 1965 to 31 Dec 1998: the daily series is derived from the historical series published by Banco de Portugal; from 1 Jan 1945 to 18 Aug 1965: the official discount rate is sourced from the Bank for International Settlements. The discount rate is the interest rate charged by Banco de Portugal to credit institutions in credit provision operations.,4,"Banco de Portugal, Bank for International Settlements",, Central bank policy rates - Portugal - Daily - End of period,1998-12-31,3.25,A,F,
D,RO,368,0,,Official policy rate.,4,National Bank of Romania ,, Central bank policy rates - Romania - Daily - End of period,2026-09-29,6.5,A,F,
D,RS,368,0,,From 1 Sept 2006 onwards: Central Bank policy rate; from 1 Jan 1997 to 31 Aug 2006: Central Bank discount rate.,4,National Bank of Serbia,, Central bank policy rates - Serbia - Daily - End of period,2026-09-11,5.75,A,F,
D,RU,368,0,,From 13 Sept 2013 onwards: official key rate; from 1 Jan 1992 to 12 Sep 2013: official refinancing rate.,4,Bank of Russia,, Central bank policy rates - Russia - Daily - End of period,2026-09-29,14,A,F,
D,SA,368,0,,From 1 Jan 2000 onwards: official market repo rate.,4,Saudi Arabian Monetary Authority,, Central bank policy rates - Saudi Arabia - Daily - End of period,2026-09-13,4.25,A,F,
D,SE,368,0,,From 1 Jun 1994 onwards: Central Bank fixed repo/reversed repo rate; from 30 Jan 1987 to 31 May 1994: marginal rate; from 1 Jan 1946 to 29 Jan 1987: discount rate. ,4,Sveriges Riksbank,, Central bank policy rates - Sweden - Daily - End of period,2026-09-29,1.75,A,F,
D,TH,368,0,,"Offical market intervention representative rate, liquidity providing repo rate.",4,Bank of Thailand,From 17 Jan 2007 onwards: 1 day repo rate; prior to that: 14 day repo rate. , Central bank policy rates - Thailand - Daily - End of period,2026-09-24,1,A,F,
D,TR,368,0,,From 20 May 2010 onwards: 1 week official repo rate; from 20 Feb 2002 to 19 May 2010: Central Bank overnight borrowing rate.,4,Central Bank of the Republic of Turkey,This rate can be considered the official policy rate as from 20 May 2010.  http://www.tcmb.gov.tr/wps/wcm/connect/en/tcmb+en/main+menu/announcements/press+releases/2018/ano2018-21, Central bank policy rates - Türkiye - Daily - End of period,2026-09-25,37,A,F,
D,US,368,0,,From 19 Dec 1985 onwards: mid-point of the Federal Reserve target rate; from 1 Jul 1954 to 18 Dec 1985: US Fed Funds effective rate.,4,US Federal Reserve System,, Central bank policy rates - United States - Daily - End of period,2026-09-28,3.875,A,F,
D,XM,368,0,,"From 18 Sep 2024 onwards: official central bank steering rate is the deposit facility rate, fixed rate; from 15 Oct 2008 to 17 Sep 2024: official central bank liquidity providing, main refinancing operations, fixed rate; from 28 Jun 2000 to 14 Oct 2008: official central bank liquidity providing, main refinancing operations, minimum bid rate; from 5 Jan 1999 to 27 Jun 2000: official central bank liquidity providing, main refinancing operations, fixed rate.",4,European Central Bank,, Central bank policy rates - Euro area - Daily - End of period,2026-09-29,2.5,A,F,
D,ZA,368,0,,Official repo rate.,4,South African Reserve Bank,, Central bank policy rates - South Africa - Daily - End of period,2026-09-28,7.25,A,F,
M,AU,368,0,,From 2 Aug 1990 onwards: cash rate target; from 23 Jan 1990 to 1 Aug 1990: middle of the cash rate target range; from 7 Apr 1976 to 22 Jan 1990: interbank overnight cash rate.,4,Reserve Bank of Australia,"This rate can be considered the official policy rate as from 23 Jan 1990. Australia had a managed exchange rate regime prior to 1983, in an environment of capital controls. The RBA did not have an explicit target interest rate prior to 23 Jan 1990. The BIS publishes a representative rate for that period. Between  23 Jan 1990 and 31 Jul the middle of the cash rate target corridor is used.", Central bank policy rates - Australia - Monthly - End of period,2026-08,4.35,A,F,
M,CZ,368,0,,Offficial 2 week repo rate.,4,Czech National Bank,"The 2 week repo rate can be considered the official policy rate as from 1998, when the CNB switched to an inflation targeting framework. Before 1998, the policy regime as well as monetary policy implementation were different, and the 2 week repo rate is thus just an approximation of the policy stance in that period.", Central bank policy rates - Czechia - Monthly - End of period,2026-08,3.75,A,F,
M,DE,368,0,,From 1 Jan 1999 onwards: the series is discontinued as Germany joined the euro area; from 1 Jan 1985 to 31 Dec 1998: repo rate; from 1 Jan 1979 to 31 Dec 1984: Lombard rate; prior to 31 Dec 1978: discount rate.,4,"Deutsche Bundesbank, Bank for International Settlements","Until the end of 1998, the refinancing policy of the Deutsche Bundesbank was essentially based on discount and marginal lending (Lombard) operations as well as on open market operations in the form of repurchase (repo) transactions. Because of changes overtime in the relevance of these types of credit for steering money market rates, the series features several policy rates across time.", Central bank policy rates - Germany - Monthly - End of period,1998-12,3,A,F,
D,BR,368,0,,"From 5 Mar 1999 onwards Central Bank target, money market (SELIC) overnight rate; from 1 Jul 1996 to 4 Mar 1999: Central Bank official rediscount rate; from 4 Jun 1986 to 30 Jun 1996: official market intervention rate, representative rate.",4,Central Bank of Brazil,"This rate can be considered the official policy rate as from 5 Mar 1999. From Jul 1996 to 4 Mar 1999, the TBC rate (basic interest rate) was used; from Mar 1999 onwards, the TARGET for the SELIC rate was used, which defines a threshold for the open market operations. The SELIC rate is a daily interest rate for overnight interbank loans collateralised by government bonds (overnight federal funds) registered and traded at the SELIC (Sistema Especial de Liquidação e Custódia - Special System for Settlement and Custody).", Central bank policy rates - Brazil - Daily - End of period,2026-09-29,13.75,A,F,
M,CN,368,0,,From 20 Aug 2019 onwards: Loan Prime Rate  (1 year): from 1 Jan 1996 till 19 Aug 2019: Official lending rate (1 year).,4,People's Bank of China,, Central bank policy rates - China - Monthly - End of period,2026-08,3,A,F,
M,CO,368,0,,1 day repo rate.,4,Central Bank of Colombia,"Prior to the adoption of the inflation targeting framework, there was no an explicit policy rate, but a system of monetary targeting with bands  for interest rates and the exchange rate.", Central bank policy rates - Colombia - Monthly - End of period,2026-08,12,A,F,
M,CH,368,0,,From 13 June 2019 onwards SNB Policy rate; From 1 Jan 2000 to 12 June 2019 mid-point of the SNB target range; from 1 Jan 1946 to 31 Dec 1999: discount rate.,4,Swiss National Bank,, Central bank policy rates - Switzerland - Monthly - End of period,2026-08,0,A,F,
M,CL,368,0,,From 1997 onwards: official monetary policy rate.,4,Central Bank of Chile,"Monetary policy was nominalized as from 9 Aug 2001, and the monetary policy interest rate was initially set at an annual 6.5%. Before that date, the monetary policy rate was defined in terms of a commonly used unit of account, indexed to one-month-lagged CPI.", Central bank policy rates - Chile - Monthly - End of period,2026-08,4.5,A,F,
M,CA,368,0,,"From 1 Jun 1994 onwards: Central Bank target, overnight rate; from 27 Jul 1960 to 31 May 1994: official bank rate.",4,Bank of Canada,"In Jun 1994 the Bank of Canada (BoC) began shifting emphasis from the bank rate to the target for the overnight rate as its key monetary policy instrument. In Feb 1999 the target for the overnight rate was defined as the midpoint of the band, or 25 basis points below the bank rate. In May 2001 the BoC began emphasizing the target as its key interest rate in its communications with the public.", Central bank policy rates - Canada - Monthly - End of period,2026-08,2.25,A,F,
M,HR,368,0,,From 4 Jan 1993 to 1 Sep 2002: interest rate on money market interbank loans. From 2 Sep 2002 to 31 Dec 2022: interest rate on money market interbank deposits. From 1 Jan 2023 onwards: the series is discontinued as Croatia joined the euro area.,4,Croatian National Bank,From 2 Sep 2002 to 31 December 2022: the volume-weighted average realized interest rate on interbank unbrokered domestic currency overnight loans between credit institutions in Croatia. From 22 Feb 1996 to 1 Sep 2002: the volume-weighted daily average interest rate on domestic currency overnight loans (not exclusively interbank) brokered by Money Market Zagreb (private financial auxiliary). Prior to 22 Feb 1996: unweighted in interest rates on interbank money market according to information published by the Zagreb money market., Central bank policy rates - Croatia - Monthly - End of period,2022-12,NaN,M,F,
M,HU,368,0,,Official base rate.,4,Hungarian National Bank,As from 23 Sep  2015: 3 month MNB deposit rate. From 1 Aug 2014 to 22 Sep  2015: the 2 week MNB deposit rate. From 10 Jan 2007 to 31 Jul 2014: the 2 week MNB bil rate. Prior to 10 Jan 2007: the 2 week MNB deposit rate. , Central bank policy rates - Hungary - Monthly - End of period,2026-08,5.5,A,F,
M,GR,368,0,,"From 1 Jan 2001 onwards: the series is discontinued as Greece joined the euro area; from 28 Mar 1997 to 31 Dec 2000: overnight deposit facility - 1st tier; from 2 Jan 1995 to 27 Mar 1997: overnight intervention (mid) rate; from 1 May 1956 to 01 Jan 1995: discount rate of the Bank of Greece; from 1 Jan 1941 to 30 Apr 1956: no data available; from 30 Mar 1841 to 31 Dec 1940: rate imposed on trade advances at the head offices of the National Bank of Greece (NBG) in Athens and the discount rate by the Bank of Greece sourced from Lazaretou (2014). Between 1956 and 1993, the day the rate becomes effective is assumed to be the first day of the month.  Before 1956, whenever the day of changes is not available, it is set to the end-of-month.",4,Bank of Greece,"Before 1941, figures refer to the rate imposed on trade advances at the head offices of the NBG in Athens as well as at its branches in big commercial cities, such as Piraeus, Patras and Syros. Please refer to Lazaretou, S (2014): ""Greece, from 1833 to 1949"", In: South-Eastern European Monetary History Network (ed.): South-Eastern European monetary and economic statistics from the nineteenth century to World War II, Bank of Greece, Table GR2.1_D.", Central bank policy rates - Greece - Monthly - End of period,2000-12,3.75,A,F,
M,HK,368,0,,Official base rate.,4,Hong Kong Monetary Authority,, Central bank policy rates - Hong Kong SAR - Monthly - End of period,2026-08,4,A,F,
M,FR,368,0,,"From 1 Jan 1999 onwards: the series is discontinued as France joined the euro area; from 4 Jan 1982 to 31 Dec 1998: the rate corresponds to the repo rate; from 5 Jul 1973 to 3 Jan 1982: the rate corresponds to the repo rate on call for tenders, firm purchases or repos before purchases on public and private bills of 1st category (""taux des interventions effectuées par la Banque de France sur appels d'offres, achats fermes ou pensions avant achats, effets publics et effets privés à court terme de 1ère catégorie""). Whenever multiple rates were available for a given period, the rate with the shortest maturity has been selected; from 20 Jan 1945 to 4 Jul 1973: the rate was the official discount rate set by the Bank of France.",4,"Bank of France, Bank for International Settlements",, Central bank policy rates - France - Monthly - End of period,1998-12,3,A,F,
M,GB,368,0,,From 3 Aug 2006 onwards: official bank rate; from 6 May 1997 to 2 Aug 2006: repo rate; from 20 Aug 1981 to 5 May 1997: minimum Bank of England Band 1 dealing rate; from 16 Oct 1972 to 19 Aug 1981: minimum lending rate; from 1 Jan 1946 to 15 Oct 1972: bank rate.,4,Bank of England,, Central bank policy rates - United Kingdom - Monthly - End of period,2026-08,3.75,A,F,
M,DK,368,0,,From 1 April 1992 onwards: interest rate of the certificates of deposits; from  2 Jan 1979 to 31 Mar 1992: official discount rate; from 1 Jan 1946 to 1 Jan 1979: discount rate.,4,Danmarks Nationalbank,, Central bank policy rates - Denmark - Monthly - End of period,2026-08,1.85,A,F,
M,ES,368,0,,From 1 Jan 1999 onwards: the series is discontinued as Spain joined the euro area; from 14 May 1990 to 31 Dec 1998: the main policy rate was the marginal interest rate of the ten day auctions of Bank of Spain certificates; from 4 May 1983 to 13 May 1990: marginal interest rate of day-by-day monetary adjustment loans; from 14 Sep 1977 to 3 May 1983: marginal interest rate of overnight monetary adjustment loans; from 1 Jan 1945 to 13 Sep 1977: the rediscount interest rate.,4,"Bank of Spain, Bank for International Settlements",, Central bank policy rates - Spain - Monthly - End of period,1998-12,3,A,F,
M,AT,368,0,,From 1 Jan 1999 onwards: the series is discontinued as Austria joined the euro area; from 2 Sep 1996 to 31 Dec 1998: tender fixed rate; from 6 May 1985 to 1 Sep 1996: GOMEX rate; from 18 Sep 1979 to 5 May 1985: Lombard rate with surcharge; from 24 Jan 1979 to 17 Sep 1979: Lombard rate; before 24 Jan 1979: discount rate.,4,"Central Bank of the Republic of Austria, Bank for International Settlements",, Central bank policy rates - Austria - Monthly - End of period,1998-12,3,A,F,
M,KR,368,0,,From 7 Mar 2008 onwards: Bank of Korea base rate; from 6 May 1999 to 6 Mar 2008: target overnight call rate(base rate). ,4,Bank of Korea,The Bank of Korea base rate has been changed from the overnight call rate to 7 day repurchase agreements rate since Feb 2008., Central bank policy rates - Korea - Monthly - End of period,2026-07,2.75,A,F,
M,KW,368,0,,From 03 Jun 2002 onwards: discount rate.,4,Central Bank of Kuwait,, Central bank policy rates - Kuwait - Monthly - End of period,2026-08,3.5,A,F,
D,AR,368,0,,"From 10 July 2025 onwards: no policy rate adopted; from 22 July 2024 to 9 July 2025: liquidity absorption rate for treasury bills; from 18 December 2023 to 21 July 2024: Overnight Reverse Repos Interest Rate; from 6 January 2022 to 17 December 2023: 28-day Liquidity Bills (LELIQ) interest rate; from 21 January 2020 to 5 January 2022: weighted average interest rate of minimum term LELIQ issued at the last auction process; from 1 October 2018 to 20 January 2020, average interest rate of the accepted offers for the liquidity bills; from 8 August 2018 to 30 September 2018: 7 days liquidity bills interest rate; from 2 January 2017 to 7 August 2018, median of the repo rate corridor; from 16 December 2015 to 1 January 2017: interest rate in BCRA bills (LEBACs), 35 days LEBAC auction; from 29 Jan 2014 to 15 Dec 2015: CB issues, 3 months; from 11 Sep 2009 to 28 Jan 2014:7-day reverse repo operations; before 10 Sep 2009, refer to https://data.bis.org/topics/CBPOL",4,Central Bank of Argentina,"From 10 July 2025 onwards, the monetary policy of the Central Bank of Argentina is based on controlling monetary aggregates, eliminating the concept of a ""monetary policy interest rate"".", Central bank policy rates - Argentina - Daily - End of period,2025-07-10,29,A,F,
M,IT,368,0,,From 1 Jan 1999 onwards: the series is discontinued as Italy joined the euro area; from 1 Jan 1992 to 31 Dec 1998: the official discount rate and the rate for fixed-term advances were respectively the lower and upper limits of the so-called corridor of official rates; from 1 Jan 1945 to 31 Dec 1991: the official interest rate of Bank of Italy was applied to the discounting of banks' ordinary portfolios.,4,"Bank of Italy, Bank for International Settlements",, Central bank policy rates - Italy - Monthly - End of period,1998-12,3,A,F,
M,JP,368,0,,"From 24 Sep 2026: the BOJ encourages the uncollateralized overnight call rate to remain at around 1.25 percent; From 17 Jun 2026 to 23 Sep 2026: the BOJ encourages the uncollateralized overnight call rate to remain at around 1.00 percent; From 22 Dec 2025 to 16 Jun 2026: the BOJ encourages the uncollateralized overnight call rate to remain at around 0.75 percent; From 27 Jan 2025 to 21 Dec 2025: the BOJ encourages the uncollateralized overnight call rate to remain at around 0.50 percent; From 1 Aug 2024 to 26 Jan 2025: the BOJ encouraged the UOCR to remain at around 0.25% ; From 21 Mar 2024 to 31 July: the BOJ encouraged the UOCR to remain at around 0 to 0.1 %; from 21 Sep 2016 to 20 Mar 2024: the BOJ set the guideline for market operations which specifies a short-term policy interest rate at minus 0.1% and a target level of 10-year JGB yields at around 0%. Short-term policy interest rate; from 4 Apr 2013 to 20 Sep 2016: no policy rate; from 5 Oct 2010 to 3 Apr 2013: the BOJ encouraged the UOCR to remain at around 0 to 0.1%; from 19 Dec 2008 to 4 Oct 2010: the BOJ encouraged the UOCR to remain at around 0. %; from 31 Oct 2008 to 18 Dec 2008: the BOJ encouraged the UOCR to remain at around 0.3%; before 30 Oct 2008, refer to https://data.bis.org/topics/CBPOL",4,Bank of Japan,For details see: http://www.bis.org/statistics/cbpol/cbpol_doc.pdf  ; https://www.boj.or.jp/en/mopo/mpmdeci/mpr_1998/k980909c.htm ; https://www.boj.or.jp/en/mopo/mpmdeci/mpr_1999/k990212c.htm ; https://www.boj.or.jp/en/mopo/mpmdeci/mpr_2000/k000811.htm ; https://www.boj.or.jp/en/mopo/mpmdeci/mpr_2001/k010228a.htm ; https://www.boj.or.jp/en/mopo/mpmdeci/mpr_2006/k060309.htm ; https://www.boj.or.jp/en/mopo/mpmdeci/mpr_2006/k060714.pdf ; https://www.boj.or.jp/en/mopo/mpmdeci/mpr_2007/k070221.pdf ; https://www.boj.or.jp/en/mopo/mpmdeci/mpr_2008/k081031.pdf ; https://www.boj.or.jp/en/mopo/mpmdeci/mpr_2008/k081219.pdf ; https://www.boj.or.jp/en/mopo/mpmdeci/mpr_2010/k101005.pdf ; https://www.boj.or.jp/en/mopo/mpmdeci/mpr_2016/k160921a.pdf ; https://www.boj.or.jp/en/mopo/mpmdeci/mpr_2024/k240319a.pdf ; https://www.boj.or.jp/en/mopo/mpmdeci/mpr_2024/mpr240731c.pdf ; https://www.boj.or.jp/en/mopo/mpmdeci/mpr_2025/mpr250124a.pdf ; https://www.boj.or.jp/en/mopo/mpmdeci/mpr_2025/k251219a.pdf ; https://www.boj.or.jp/en/mopo/mpmdeci/mpr_2026/k260616a.pdf ; https://www.boj.or.jp/en/mopo/mpmdeci/mpr_2026/k260918a.pdf, Central bank policy rates - Japan - Monthly - End of period,2026-08,1,A,F,
M,IN,368,0,,From 3 Apr 2001 onwards: official repo overnight rate; from 1 Jan 1946 to 2 Apr 2001: oank rate.,4,Reserve Bank of India,This rate can be considered the official policy rate as from 2001. The Reserve Bank of India (RBI) did not have a single policy rate prior to 2001. , Central bank policy rates - India - Monthly - End of period,2026-06,5.25,A,F,
M,IS,368,0,,From 21 May 2014 onwards: Central Bank term deposit rate; from Sep 2009 to 20 May 2014: average of the current account rate and the maximum rate on 28-day certificates of deposits; from 1 Apr 2009 to Sept 2009: current account rate; from 2 Mar 1998 to 31 Mar 2009: 7 day collateralised lending rate.,4,Central Bank of Iceland,, Central bank policy rates - Iceland - Monthly - End of period,2026-08,8,A,F,
M,ID,368,0,,From 19 Aug 2016 onwards: 7 day reverse repo rate; from 5 Jul 2005 to 18 Aug 2016: official base rate (BI rate).,4,Bank Indonesia,"The rate shift from 6.5% to 5.25% on 19 Aug 2016 does not represent a cut in the policy rate (i.e. loosened monetary policy). On this date, Bank Indonesia (BI) changed the policy rate from BI rate to the BI-7 day reverse repo rate. The BI rate is the weighted average of the 12 month rate of monetary operation instruments auctioned in the market. The BI-7 day reverse repo rate has a stronger relationship with the short term money market rate.", Central bank policy rates - Indonesia - Monthly - End of period,2026-08,5.75,A,F,
M,IL,368,0,,Offical central bank rate.,4,Bank of Israel,, Central bank policy rates - Israel - Monthly - End of period,2026-07,3.5,A,F,
M,NZ,368,0,,"From 17 Mar 1999 onwards: Official market intervention representative rate, official cash rate; from Jan 1985 to 16 Mar 1999: overnight cash rate.",4,Reserve Bank of New Zealand,This rate can be considered the official policy rate as from 17 Mar 1999. , Central bank policy rates - New Zealand - Monthly - End of period,2026-08,2.5,A,F,
M,PE,368,0,,Official monetary policy rate.,4,Central Reserve Bank of Peru,, Central bank policy rates - Peru - Monthly - End of period,2026-08,4.25,A,F,
M,NL,368,0,,From 1 Jan 1999 onwards: the series is discontinued as Netherlands joined the euro area; prior to 31 Dec 1998: the main interest policy rate corresponds to the fixed advance rate set by the De Nederlandsche Bank (DNB).,4,"De Nederlandsche Bank, Bank for International Settlements",, Central bank policy rates - Netherlands - Monthly - End of period,1998-12,2.75,A,F,
M,NO,368,0,,From 11 Jun 1993 onwards: official deposit facility rate; from 3 Mar 1986 to 10 Jun 1993 official credit facility rate.,4,Norges Bank,, Central bank policy rates - Norway - Monthly - End of period,2026-08,4.25,A,F,
M,MX,368,0,,"From 21 Jan 2008 onwards: Central Bank target, money-market overnight rate; from 3 Nov 1998 to 20 Jan 2008: bank funding rate.",4,Bank of Mexico,"As from 21 Jan 2008, the central bank target rate is used, which can be considered the official policy rate. From 3 Nov 1998 until 20 Jan 2008: the bank funding rate. ", Central bank policy rates - Mexico - Monthly - End of period,2026-08,6.5,A,F,
M,MY,368,0,,From 26 Apr 2004 onwards: overnight policy rate; from 1 Jan 1998 to 25 Apr 2004: 3 month intervention rate; from 3 Nov 1995 to 31 Dec 1997: 3 month interbank rate.,4,Bank Negara Malaysia ,, Central bank policy rates - Malaysia - Monthly - End of period,2026-08,2.75,A,F,
M,BE,368,0,,From 1 Jan 1999 onwards: the series is discontinued as Belgium joined the euro area; from 1 Feb 1991 to 31 Dec 1998: the rate was the current account advances rate; from 1 Jan 1945 to 31 Jan 1991: the rate was the official discount rate set by the National Bank of Belgium.,4,"National Bank of Belgium, Bank for International Settlements",, Central bank policy rates - Belgium - Monthly - End of period,1998-12,4.5,A,F,
M,MA,368,0,,"From 01 Jan 2001: interest rate, 7-day advances (Taux directeur)",4,Bank Al-Maghrib (Central Bank of Morocco),, Central bank policy rates - Morocco - Monthly - End of period,2026-08,2.25,A,F,
M,MK,368,0,,Official policy rate.,4,National Bank of the Republic of Macedonia,, Central bank policy rates - North Macedonia - Monthly - End of period,2026-08,4.25,A,F,
M,SA,368,0,,From 1 Jan 2000 onwards: official market repo rate.,4,Saudi Arabian Monetary Authority,, Central bank policy rates - Saudi Arabia - Monthly - End of period,2026-08,4.25,A,F,
M,SE,368,0,,From 1 Jun 1994 onwards: Central Bank fixed repo/reversed repo rate; from 30 Jan 1987 to 31 May 1994: marginal rate; from 1 Jan 1946 to 29 Jan 1987: discount rate. ,4,Sveriges Riksbank,, Central bank policy rates - Sweden - Monthly - End of period,2026-08,1.75,A,F,
M,RS,368,0,,From 1 Sept 2006 onwards: Central Bank policy rate; from 1 Jan 1997 to 31 Aug 2006: Central Bank discount rate.,4,National Bank of Serbia,, Central bank policy rates - Serbia - Monthly - End of period,2026-08,5.75,A,F,
M,RU,368,0,,From 13 Sept 2013 onwards: official key rate; from 1 Jan 1992 to 12 Sep 2013: official refinancing rate.,4,Bank of Russia,, Central bank policy rates - Russia - Monthly - End of period,2026-08,14,A,F,
M,PT,368,0,,From 1 Jan 1999 onwards: the series is discontinued as Portugal joined the euro area; from 19 Aug 1965 to 31 Dec 1998: the daily series is derived from the historical series published by Banco de Portugal; from 1 Jan 1945 to 18 Aug 1965: the official discount rate is sourced from the Bank for International Settlements. The discount rate is the interest rate charged by Banco de Portugal to credit institutions in credit provision operations.,4,"Banco de Portugal, Bank for International Settlements",, Central bank policy rates - Portugal - Monthly - End of period,1998-12,3.25,A,F,
M,RO,368,0,,Official policy rate.,4,National Bank of Romania ,, Central bank policy rates - Romania - Monthly - End of period,2026-08,6.5,A,F,
M,PH,368,0,,"From Jan 1986 onwards: Official market intervention representative rate, liquidity providing.",4,Bangko Sentral ng Pilipinas ,, Central bank policy rates - Philippines - Monthly - End of period,2026-08,5,A,F,
M,PL,368,0,,From 26 Feb 1998 onwards: official 7 day central bank bill yield; from 1 Jan 1993 to 25 Feb 1998: Lombard rate.,4,National Bank of Poland,"This rate can be considered the official policy rate as from 26 Feb 1998 onwards. Prior to that, monetary policy was based on money supply control, not on targeting the interest rate. The Lombard rate was the reference rate for the interbank market, but the open market operations yield resulted from tenders. From 26 Feb 1998 onwards: 7 day central bank bill yield; 1 Jan 1993 until 25 Feb 1998: Lombard rate.", Central bank policy rates - Poland - Monthly - End of period,2026-08,3.75,A,F,
M,ZA,368,0,,Official repo rate.,4,South African Reserve Bank,, Central bank policy rates - South Africa - Monthly - End of period,2026-08,7,A,F,
M,US,368,0,,From 19 Dec 1985 onwards: mid-point of the Federal Reserve target rate; from 1 Jul 1954 to 18 Dec 1985: US Fed Funds effective rate.,4,US Federal Reserve System,, Central bank policy rates - United States - Monthly - End of period,2026-08,3.625,A,F,
M,XM,368,0,,"From 18 Sep 2024 onwards: official central bank steering rate is the deposit facility rate, fixed rate; from 15 Oct 2008 to 17 Sep 2024: official central bank liquidity providing, main refinancing operations, fixed rate; from 28 Jun 2000 to 14 Oct 2008: official central bank liquidity providing, main refinancing operations, minimum bid rate; from 5 Jan 1999 to 27 Jun 2000: official central bank liquidity providing, main refinancing operations, fixed rate.",4,European Central Bank,, Central bank policy rates - Euro area - Monthly - End of period,2026-08,2.25,A,F,
M,TH,368,0,,"Offical market intervention representative rate, liquidity providing repo rate.",4,Bank of Thailand,From 17 Jan 2007 onwards: 1 day repo rate; prior to that: 14 day repo rate. , Central bank policy rates - Thailand - Monthly - End of period,2026-08,1,A,F,
M,TR,368,0,,From 20 May 2010 onwards: 1 week official repo rate; from 20 Feb 2002 to 19 May 2010: Central Bank overnight borrowing rate.,4,Central Bank of the Republic of Turkey,This rate can be considered the official policy rate as from 20 May 2010.  http://www.tcmb.gov.tr/wps/wcm/connect/en/tcmb+en/main+menu/announcements/press+releases/2018/ano2018-21, Central bank policy rates - Türkiye - Monthly - End of period,2026-08,37,A,F,
